CODIGO_INEP,GRE,NOME_ESCOLA,MUNICIPIO,ESCOLA FORMS,MODELO,TIPO,MEC,ANOS INICIAIS,ANOS FINAIS,ENSINO MÉDIO,CONSULTORES DE GESTÃO,Ano de Implatação,IDEB EM 2017,IDEB EM 2019,IDEB EM 2021,IDEB EM 2023,IDEB EM 2025,IDEB AI 2017,IDEB AI 2019,IDEB AI 2021,IDEB AI 2023,IDEB AI 2025,IDEB AF 2017,IDEB AF 2019,IDEB AF 2021,IDEB AF 2023,IDEB AF 2025,Endereço,CEP,Latitude,Longitude,Coordenada,DOE,Data DOE,Decreto,Data (Decreto),Link (DOE),RECONHECIMENTO,RESOLUÇÃO CEE,AUTORIZAÇÃO,CNPJ
25094408,01ª GRE,EEEFM DES BOTO DE MENEZES,JOÃO PESSOA,25094408 - 01ª GRE - EEEFM Des Boto de Menezes,Cidadã,ECI,Não,NÃO OFERTA,OFERTA,OFERTA,Eudes e Nando,2026,,,,,4.3,5.3,4.9,,,,,,,,4.7,"RUA PROFESSORA RITA MIRANDA , 318 - 13 DE MAIO",58025-280,-7.1115812,-34.8629323,"-7.1115812,-34.8629323",,,,,,RECONHECIDA,,NÃO,ATIVADO
25094416,01ª GRE,EEEFM DES BRAZ BARACUHY,JOÃO PESSOA,25094416 - 01ª GRE - EEEFM Des Braz Baracuhy,Cidadã,ECI Anos Iniciais,Não,OFERTA,NÃO OFERTA,NÃO OFERTA,Eudes e Nando,2026,,,,,,5.2,4.9,,4.7,6.4,,,,,,"RUA ESCRITOR GILBERTO AMADO , S/N - CASTELO BRANCO II",58050-500,-7.1311403,-34.8479381,"-7.1311403,-34.8479381",,,,,,RECONHECIDA,,NÃO,ATIVADO
25094688,01ª GRE,ECIT PADRE HILDON BANDEIRA,JOÃO PESSOA,25094688 - 01ª GRE - Ecit Padre Hildon Bandeira,Cidadã,ECI,Não,NÃO OFERTA,OFERTA,OFERTA,Eudes e Nando,2016,,,,2.9,,,,,,,,,,3.9,4.2,"AV CAETANO FILGUEIRAS , S/N - TORRE",58040-000,-7.1212269,-34.8606896,"-7.1212269,-34.8606896",16579,Sat Mar 17 2018 00:00:00 GMT-0300 (Brasilia Standard Time),38139,Fri Mar 16 2018 00:00:00 GMT-0300 (Brasilia Standard Time),https://auniao.pb.gov.br/servicos/doe/2018/marco/diario-oficial-17-03-2018.pdf,RECONHECIDA,,NÃO,ATIVADO
25094084,01ª GRE,CRIA CAPITULINA SATYRO,JOÃO PESSOA,25094084 - 01ª GRE - Cria Capitulina Satyro,Cidadã,ECI Anos Iniciais,Não,OFERTA,OFERTA,NÃO OFERTA,Eudes e Nando,2024,,,,,,,4.6,5.2,4.5,4.5,,,,,,"RUA VALDA CRUZ CORDEIRO , SN - JOAO AGRIPINO",58034-050,-7.1063185,-34.843302,"-7.1063185,-34.843302",,,,,,RECONHECIDA,,NÃO,ATIVADO
25104330,01ª GRE,ECIS ALMIRANTE SALDANHA,JOÃO PESSOA,25104330 - 01ª GRE - ECIS Almirante Saldanha,Cidadã,ECI Sócio,Não,OFERTA,OFERTA,OFERTA,Eudes e Nando,2018,,,,,,,,,,,,,,,,"AV SANTA BARBARA , S/N - JARDIM CIDADE UNIVERSITARIA",58052-580,-7.1611171,-34.8298301,"-7.1611171,-34.8298301",16579,Sat Mar 17 2018 00:00:00 GMT-0300 (Brasilia Standard Time),38139,Fri Mar 16 2018 00:00:00 GMT-0300 (Brasilia Standard Time),https://auniao.pb.gov.br/servicos/doe/2018/marco/diario-oficial-17-03-2018.pdf,RECONHECIDA,,NÃO,ATIVADO
25094726,01ª GRE,ECI EEFM PROFESSOR CELESTIN MALZAC,JOÃO PESSOA,25094726 - 01ª GRE - ECI EEFM PROFESSOR CELESTIN MALZAC,Cidadã,ECI,Não,NÃO OFERTA,NÃO OFERTA,OFERTA,Eudes e Nando,2020,3.7,3.6,,3.5,4,,,,,,4.8,4.9,,4.1,,"RUA PROFESSORA ZENAIDE BRASILINO , S/N - VALENTINA",58063-320,-7.2002938,-34.8520415,"-7.2002938,-34.8520415",17072,Tue Mar 10 2020 00:00:00 GMT-0300 (Brasilia Standard Time),40109,Mon Mar 09 2020 00:00:00 GMT-0300 (Brasilia Standard Time),https://auniao.pb.gov.br/servicos/doe/2020/marco/diario-oficial-10-03-2020.pdf,RECONHECIDA,,NÃO,ATIVADO
25093835,01ª GRE,ECI LUÍS RAMALHO,JOÃO PESSOA,25093835 - 01ª GRE - ECI Luís Ramalho,Cidadã,ECI,Sim,NÃO OFERTA,NÃO OFERTA,OFERTA,Eudes e Nando,2017,,,,4.1,4.9,,,,,,,,,,,"AV. COMERCIANTE ALFREDO FERREIRA DA ROCHA , S/N - MANGABEIRA I",58055-540,-7.1681734,-34.8422663,"-7.1681734,-34.8422663",16579,Sat Mar 17 2018 00:00:00 GMT-0300 (Brasilia Standard Time),38139,Fri Mar 16 2018 00:00:00 GMT-0300 (Brasilia Standard Time),https://auniao.pb.gov.br/servicos/doe/2018/marco/diario-oficial-17-03-2018.pdf,RECONHECIDA,,NÃO,ATIVADO
25114905,01ª GRE,ECI EEFM MILTON CAMPOS,JOÃO PESSOA,25114905 - 01ª GRE - Eci EEFM Milton Campos,Cidadã,ECI,Não,NÃO OFERTA,NÃO OFERTA,OFERTA,Eudes e Nando,2020,,,,,4,4.7,,,,,,5.2,,,,"R- SEVERINA MARIA VASCONCELOS DE CARVALHO , S/N - CUIA",58077-156,-7.1831929,-34.865609,"-7.1831929,-34.865609",17072,Tue Mar 10 2020 00:00:00 GMT-0300 (Brasilia Standard Time),40109,Mon Mar 09 2020 00:00:00 GMT-0300 (Brasilia Standard Time),https://auniao.pb.gov.br/servicos/doe/2020/marco/diario-oficial-10-03-2020.pdf,RECONHECIDA,,NÃO,ATIVADO
25094661,01ª GRE,ECI EEFM PEDRO LINS VIEIRA DE MELO,JOÃO PESSOA,25094661 - 01ª GRE - Eci EEFM Pedro Lins Vieira de Melo,Cidadã,ECI,Não,NÃO OFERTA,OFERTA,OFERTA,Eudes e Nando,2020,,2.7,,4.2,4.3,,,,,,4.2,3.3,,,,"RUA FRANCISCO PEREIRA DE SOUSA , 130 - MANGABEIRA I",58055-440,-7.169613,-34.8413268,"-7.169613,-34.8413268",17072,Tue Mar 10 2020 00:00:00 GMT-0300 (Brasilia Standard Time),40109,Mon Mar 09 2020 00:00:00 GMT-0300 (Brasilia Standard Time),https://auniao.pb.gov.br/servicos/doe/2020/marco/diario-oficial-10-03-2020.pdf,RECONHECIDA,,NÃO,ATIVADO
25093851,01ª GRE,ECI LILIOSA PAIVA LEITE,JOÃO PESSOA,25093851 - 01ª GRE - Eci Liliosa Paiva Leite,Cidadã,ECI,Não,NÃO OFERTA,NÃO OFERTA,OFERTA,Eudes e Nando,2018,,3.9,,4.8,5.6,,,,,,,,,,,"AV. DOM BOSCO , S/N - CRISTO REDENTOR",58070-470,-7.1538319,-34.8778011,"-7.1538319,-34.8778011",16579,Sat Mar 17 2018 00:00:00 GMT-0300 (Brasilia Standard Time),38139,Fri Mar 16 2018 00:00:00 GMT-0300 (Brasilia Standard Time),https://auniao.pb.gov.br/servicos/doe/2018/marco/diario-oficial-17-03-2018.pdf,RECONHECIDA,,NÃO,ATIVADO
25094106,01ª GRE,ECI LUZIA SIMOES BARTOLLINI,JOÃO PESSOA,25094106 - 01ª GRE - Eci Luzia Simoes Bartollini,Cidadã,ECI,Não,NÃO OFERTA,OFERTA,OFERTA,Eudes e Nando,2019,,,,,3.5,,,,,,,3.5,,,,"RUA RADIALISTA GERALDO CAMPOS , SEM NUMERO - JARDIM PLANALTO",58088-060,-7.1599137,-34.9011726,"-7.1599137,-34.9011726",16794,Thu Jan 24 2019 23:00:00 GMT-0300 (Brasilia Standard Time),38944,Wed Jan 23 2019 23:00:00 GMT-0300 (Brasilia Standard Time),https://auniao.pb.gov.br/servicos/doe/2019/janeiro/diario-oficial-25-01-2019.pdf,SEM PROCESSO,,NÃO,ATIVADO
25094696,01ª GRE,ECI PADRE IBIAPINA,JOÃO PESSOA,25094696 - 01ª GRE - Eci Padre Ibiapina,Cidadã,ECI,Sim,NÃO OFERTA,NÃO OFERTA,OFERTA,Eudes e Nando,2019,,,,3.8,3.9,4.4,,,,,,,,,,"RUA VISCONDE DE OURO PRETO , S/N - MANDACARU",58027-641,-7.0963,-34.86505,"-7.0963,-34.86505",16794,Thu Jan 24 2019 23:00:00 GMT-0300 (Brasilia Standard Time),38944,Wed Jan 23 2019 23:00:00 GMT-0300 (Brasilia Standard Time),https://auniao.pb.gov.br/servicos/doe/2019/janeiro/diario-oficial-25-01-2019.pdf,RECONHECIDA,,NÃO,NÃO ATIVADO
25069357,02ª GRE,EEEFM IVAN BICHARA SOBREIRA,LAGOA DE DENTRO,25069357 - 02ª GRE - EEEFM Ivan Bichara Sobreira,Cidadã,ECI,Não,NÃO OFERTA,NÃO OFERTA,OFERTA,Rafael,2021,,2.4,,,4.4,,,,,,,,,,,"RUA 7 DE SETEMBRO , 9 - CENTRO",58250-000,-6.671458,-35.3779593,"-6.671458,-35.3779593",17541,Wed Jan 26 2022 00:00:00 GMT-0300 (Brasilia Standard Time),42230,Tue Jan 25 2022 00:00:00 GMT-0300 (Brasilia Standard Time),https://auniao.pb.gov.br/servicos/doe/2022/janeiro/diario-oficial-26-01-2022.pdf,RECONHECIDA,,NÃO,ATIVADO
25060392,02ª GRE,EEEF PE GERALDO DA S PINTO,SOLÂNEA,25060392 - 02ª GRE - EEEF Pe Geraldo da S Pinto,Cidadã,ECI,Não,NÃO OFERTA,OFERTA,OFERTA,Rafael,2026,,,,,,,,,,,,2.7,,1.9,4.1,"RUA JOAO MARCELINO PEREIRA , 91 - CENTRO",58225-000,-6.76622112,-35.7177844,"-6.76622112,-35.7177844",,,,,,RECONHECIDA,,NÃO,ATIVADO
25067869,02ª GRE,ECI EEFM ODILON NELSON DANTAS,CUITEGI,25067869 - 02ª GRE - Eci EEFM Odilon Nelson Dantas,Cidadã,ECI,Não,NÃO OFERTA,NÃO OFERTA,OFERTA,Rafael,2020,,,,3.6,4.2,,,,,,,2.7,,,,"RUA JOSE MARINHO DE LUCENA , SEM NUMERO - SANTO ANTONIO",58208-000,-6.896130428,-35.5152449,"-6.896130428,-35.5152449",17072,Tue Mar 10 2020 00:00:00 GMT-0300 (Brasilia Standard Time),40109,Mon Mar 09 2020 00:00:00 GMT-0300 (Brasilia Standard Time),https://auniao.pb.gov.br/servicos/doe/2020/marco/diario-oficial-10-03-2020.pdf,RECONHECIDA,,NÃO,ATIVADO
25060058,02ª GRE,ECI EEM GOVERNADOR CLOVIS BEZERRA CAVALCANTI,DONA INÊS,25060058 - 02ª GRE - ECI EEM Governador Clovis Bezerra Cavalcanti,Cidadã,ECI,Não,NÃO OFERTA,NÃO OFERTA,OFERTA,Rafael,2020,,3.5,,3.5,4.1,,,,,,,,,,,"RUA PROFESSOR ODILON MATIAS DE ARAUJO , 156 - CENTRO",58228-000,-6.618023904,-35.60964075,"-6.618023904,-35.60964075",17072,Tue Mar 10 2020 00:00:00 GMT-0300 (Brasilia Standard Time),40109,Mon Mar 09 2020 00:00:00 GMT-0300 (Brasilia Standard Time),https://auniao.pb.gov.br/servicos/doe/2020/marco/diario-oficial-10-03-2020.pdf,RECONHECIDA,,NÃO,ATIVADO
25068075,02ª GRE,ECI SAGRADO CORACAO DE JESUS,DUAS ESTRADAS,25068075 - 02ª GRE - Eci Sagrado Coracao de Jesus,Cidadã,ECI,Não,NÃO OFERTA,NÃO OFERTA,OFERTA,Rafael,2019,,3.3,,3.8,3.9,,,,,,,,,,,"RUA NOVA , S N - CENTRO",58265-000,-6.690741019,-35.42205584,"-6.690741019,-35.42205584",16794,Thu Jan 24 2019 23:00:00 GMT-0300 (Brasilia Standard Time),38944,Wed Jan 23 2019 23:00:00 GMT-0300 (Brasilia Standard Time),https://auniao.pb.gov.br/servicos/doe/2019/janeiro/diario-oficial-25-01-2019.pdf,RECONHECIDA,,NÃO,ATIVADO
25068636,02ª GRE,ECI JOSÉ SOARES DE CARVALHO,GUARABIRA,25068636 - 02ª GRE - Eci José Soares de Carvalho,Cidadã,ECI,Sim,NÃO OFERTA,OFERTA,OFERTA,Rafael,2017,,4,,4.3,5,,,,,,,,4.7,3.6,4.5,"RUA HENRIQUE PACIFICO , 45 - PRIMAVERA",58200-000,-6.855515597,-35.49012601,"-6.855515597,-35.49012601",16579,Sat Mar 17 2018 00:00:00 GMT-0300 (Brasilia Standard Time),38139,Fri Mar 16 2018 00:00:00 GMT-0300 (Brasilia Standard Time),https://auniao.pb.gov.br/servicos/doe/2018/marco/diario-oficial-17-03-2018.pdf,RECONHECIDA,,NÃO,ATIVADO
25067737,02ª GRE,ECI PREF JOSE ANTONIO NEVES,LOGRADOURO,25067737 - 02ª GRE - ECI Pref Jose Antonio Neves,Cidadã,ECI,Não,NÃO OFERTA,NÃO OFERTA,OFERTA,Rafael,2021,,,,4.4,4.1,4,,,,,4.7,3.9,,,,"RUA FRANCICO XAVIER DE OLIVEIRA , 21 - CENTRO",58254-000,-6.619252102,-35.43622971,"-6.619252102,-35.43622971",17506,Fri Dec 03 2021 00:00:00 GMT-0300 (Brasilia Standard Time),41992,Thu Dec 02 2021 00:00:00 GMT-0300 (Brasilia Standard Time),https://auniao.pb.gov.br/servicos/doe/2021/dezembro/diario-oficial-03-12-2021.pdf,INSPEÇÃO,,NÃO,ATIVADO
25065726,02ª GRE,ECI EEFM ANTONIETA CORREIA DE MENEZES,PILÕES,25065726 - 02ª GRE - Eci EEFM Antonieta Correia de Menezes,Cidadã,ECI,Não,NÃO OFERTA,NÃO OFERTA,OFERTA,Rafael,2020,3,3.1,,3.9,4,,,,,,,3.7,,,,"RUA LUIZ GREGORIO DA SILVA , 0 - 0",58393-000,-6.886890407,-35.63896179,"-6.886890407,-35.63896179",17072,Tue Mar 10 2020 00:00:00 GMT-0300 (Brasilia Standard Time),40109,Mon Mar 09 2020 00:00:00 GMT-0300 (Brasilia Standard Time),https://auniao.pb.gov.br/servicos/doe/2020/marco/diario-oficial-10-03-2020.pdf,VOLTOU PARA O CONSELHO,,NÃO,ATIVADO
25070088,02ª GRE,ECI SILVIO PORTO,PILÕEZINHOS,25070088 - 02ª GRE - ECI Silvio Porto,Cidadã,ECI,Não,NÃO OFERTA,NÃO OFERTA,OFERTA,Rafael,2021,,3.5,3.5,4.2,4.3,,,,,,,,,,,"RUA MANOEL ALVES DE SOUZA , 309 - CENTRO",58210-000,-6.882118544,-35.54729462,"-6.882118544,-35.54729462",17535,Tue Jan 18 2022 00:00:00 GMT-0300 (Brasilia Standard Time),42222,Mon Jan 17 2022 00:00:00 GMT-0300 (Brasilia Standard Time),https://auniao.pb.gov.br/servicos/doe/2022/janeiro/diario-oficial-18-01-2022.pdf ,RECONHECIDA,,NÃO,NÃO ATIVADO
25066013,02ª GRE,ECI EEFM ANTÔNIO BENTO,SERRARIA,25066013 - 02ª GRE - ECI EEFM ANTÔNIO BENTO,Cidadã,ECI,Não,NÃO OFERTA,NÃO OFERTA,OFERTA,Rafael,2020,,,4.8,4.5,4.5,,,,,,3,,,3.6,4.6,"RUA ADALGISA CAVALCANTE , 328 - CENTRO",58395-000,-6.81768887,-35.63249271,"-6.81768887,-35.63249271",17072,Tue Mar 10 2020 00:00:00 GMT-0300 (Brasilia Standard Time),40109,Mon Mar 09 2020 00:00:00 GMT-0300 (Brasilia Standard Time),https://auniao.pb.gov.br/servicos/doe/2020/marco/diario-oficial-10-03-2020.pdf,RECONHECIDA,,NÃO,ATIVADO
25060996,02ª GRE,ECI DR TERCILIO TEIXEIRA DA CRUZ,TACIMA,25060996 - 02ª GRE - Eci Dr Tercilio Teixeira da Cruz,Cidadã,ECI,Não,NÃO OFERTA,NÃO OFERTA,OFERTA,Rafael,2020,,3,,3.8,4.5,,,,,,,,,,,"RUA 31 DE MARCO , 582 - CENTRO",58240-000,-6.487328965,-35.64021707,"-6.487328965,-35.64021707",17072,Tue Mar 10 2020 00:00:00 GMT-0300 (Brasilia Standard Time),40109,Mon Mar 09 2020 00:00:00 GMT-0300 (Brasilia Standard Time),https://auniao.pb.gov.br/servicos/doe/2020/marco/diario-oficial-10-03-2020.pdf,RECONHECIDA,,NÃO,ATIVADO
25152823,03ª GRE,EECI EUCLIDES MOUZINHO DOS SANTOS,ALGODÃO DE JANDAÍRA,25152823 - 03ª GRE - EECI Euclides Mouzinho dos Santos,Cidadã,ECI,Não,NÃO OFERTA,NÃO OFERTA,OFERTA,Luiz e Thaís,2021,2.8,3.7,,3.4,4,,,,,,,,,,,"RUA PROJETADA , S/N - CONJUNTO NOVO",58399-000,-6.9048862,-36.0055116,"-6.9048862,-36.0055116",17535,Tue Jan 18 2022 00:00:00 GMT-0300 (Brasilia Standard Time),42222,Mon Jan 17 2022 00:00:00 GMT-0300 (Brasilia Standard Time),https://auniao.pb.gov.br/servicos/doe/2022/janeiro/diario-oficial-18-01-2022.pdf ,PROCESSO ABERTO,,NÃO,ATIVADO
25072099,03ª GRE,EECI ASSIS CHATEAUBRIAND,CAMPINA GRANDE,25072099 - 03ª GRE - EECI Assis Chateaubriand,Cidadã,ECI,Não,NÃO OFERTA,OFERTA,OFERTA,Luiz e Thaís,2018,,,,3.5,4.7,,,,,,,4.1,,,5.3,"AVENIDA TAVARES , 2500 - SANTO ANTONIO",58406-175,-7.2164064,-35.8676439,"-7.2164064,-35.8676439",16579,Sat Mar 17 2018 00:00:00 GMT-0300 (Brasilia Standard Time),38139,Fri Mar 16 2018 00:00:00 GMT-0300 (Brasilia Standard Time),https://auniao.pb.gov.br/servicos/doe/2018/marco/diario-oficial-17-03-2018.pdf,RECONHECIDA,,NÃO,ATIVADO
25071939,03ª GRE,EECI AUDIOCOMUNICAÇÃO DE CAMPINA GRANDE DEMÓSTENES CUNHA LIMA,CAMPINA GRANDE,25071939 - 03ª GRE - EECI Audiocomunicação de Campina Grande Demóstenes Cunha lima,Cidadã,ECI,Não,OFERTA,OFERTA,OFERTA,Luiz e Thaís,2019,,,,,,,,,,,,,,,,"RUA PROFESSORA EUTECIA VITAL RIBEIRO , S/N - CATOLE",58410-205,-7.2409476,-35.8714442,"-7.2409476,-35.8714442",16794,Thu Jan 24 2019 23:00:00 GMT-0300 (Brasilia Standard Time),38944,Wed Jan 23 2019 23:00:00 GMT-0300 (Brasilia Standard Time),https://auniao.pb.gov.br/servicos/doe/2019/janeiro/diario-oficial-25-01-2019.pdf,RECONHECIDA,,NÃO,ATIVADO
25072439,03ª GRE,EECI HORTENCIO SOUSA RIBEIRO (PREMEN),CAMPINA GRANDE,25072439 - 03ª GRE - EECI Hortencio Sousa Ribeiro (Premen),Cidadã,ECI,Sim,NÃO OFERTA,NÃO OFERTA,OFERTA,Luiz e Thaís,2017,4.3,4.8,,4.8,5.1,,,,,,,,,,,"OTACILIO NEPOMUCENO , S/N - CATOLE",58410-160,-7.2352232,-35.8725086,"-7.2352232,-35.8725086",16579,Sat Mar 17 2018 00:00:00 GMT-0300 (Brasilia Standard Time),38139,Fri Mar 16 2018 00:00:00 GMT-0300 (Brasilia Standard Time),https://auniao.pb.gov.br/servicos/doe/2018/marco/diario-oficial-17-03-2018.pdf,RECONHECIDA,,NÃO,ATIVADO
25076582,03ª GRE,EECI IRMÃ JOAQUINA SAMPAIO,CAMPINA GRANDE,25076582 - 03ª GRE - EECI Irmã Joaquina Sampaio,Cidadã,ECI,Sim,NÃO OFERTA,OFERTA,OFERTA,Luiz e Thaís,2020,,3.5,,3.7,3.8,,,,,,,3.6,,3.6,4.4,"BR 203 KM 8 PRACA DO AMOR , SN - SERROTAO",58100-000,-7.2267141,-35.9525257,"-7.2267141,-35.9525257",17072,Tue Mar 10 2020 00:00:00 GMT-0300 (Brasilia Standard Time),40109,Mon Mar 09 2020 00:00:00 GMT-0300 (Brasilia Standard Time),https://auniao.pb.gov.br/servicos/doe/2020/marco/diario-oficial-10-03-2020.pdf,RECONHECIDA,,NÃO,ATIVADO
25076590,03ª GRE,EECI JOSÉ MIGUEL LEÃO,CAMPINA GRANDE,25076590 - 03ª GRE - EECI José Miguel Leão,Cidadã,ECI,Sim,NÃO OFERTA,OFERTA,OFERTA,Luiz e Thaís,2020,,,,,3.7,3.1,,,,,,,,3.5,3.4,"RUA JOAO MIGUEL LEAO , S/N - SAO JOSE DA MATA",58441-000,-7.185304016,-35.9855251,"-7.185304016,-35.9855251",17072,Tue Mar 10 2020 00:00:00 GMT-0300 (Brasilia Standard Time),40109,Mon Mar 09 2020 00:00:00 GMT-0300 (Brasilia Standard Time),https://auniao.pb.gov.br/servicos/doe/2020/marco/diario-oficial-10-03-2020.pdf,RECONHECIDA,,NÃO,ATIVADO
25072277,03ª GRE,EECI MONTE CARMELO,CAMPINA GRANDE,25072277 - 03ª GRE - EECI Monte Carmelo,Cidadã,ECI,Sim,NÃO OFERTA,OFERTA,OFERTA,Luiz e Thaís,2018,2.4,3.8,4.3,,3.7,,,,,,,3.9,,3.9,3.7,"RUA PROFESSOR CARLOS FRANCISCO MEDEIROS DE ALMEIDA , S/N - BELA VISTA",58428-700,-7.2218503,-35.9033329,"-7.2218503,-35.9033329",16579,Sat Mar 17 2018 00:00:00 GMT-0300 (Brasilia Standard Time),38139,Fri Mar 16 2018 00:00:00 GMT-0300 (Brasilia Standard Time),https://auniao.pb.gov.br/servicos/doe/2018/marco/diario-oficial-17-03-2018.pdf,RECONHECIDA,,NÃO,ATIVADO
25114808,03ª GRE,EECI PROFESSOR ITAN PEREIRA,CAMPINA GRANDE,25114808 - 03ª GRE - EECI Professor Itan Pereira,Cidadã,ECI,Sim,NÃO OFERTA,OFERTA,OFERTA,Luiz e Thaís,2018,4.1,5.1,5.3,5.3,5.1,,,,,,4.6,5.8,5.8,6,5.2,"RUA LUIZ MOTTA , S/N - BODOCONGO",58430-710,-7.2171775,-35.9235954,"-7.2171775,-35.9235954",16579,Sat Mar 17 2018 00:00:00 GMT-0300 (Brasilia Standard Time),38139,Fri Mar 16 2018 00:00:00 GMT-0300 (Brasilia Standard Time),https://auniao.pb.gov.br/servicos/doe/2018/marco/diario-oficial-17-03-2018.pdf,RECONHECIDA,,NÃO,ATIVADO
25072307,03ª GRE,EECI SOLON DE LUCENA,CAMPINA GRANDE,25072307 - 03ª GRE - EECI Solon de Lucena,Cidadã,ECI,Não,NÃO OFERTA,NÃO OFERTA,OFERTA,Luiz e Thaís,2019,,4.7,,3.9,5.2,,,,,,3.9,4.5,,5,5.9,"RUA PREFEITO ERNANI LAURITZEN , S/N - CENTRO",58400-133,-7.2156754,-35.881844,"-7.2156754,-35.881844",16794,Thu Jan 24 2019 23:00:00 GMT-0300 (Brasilia Standard Time),38944,Wed Jan 23 2019 23:00:00 GMT-0300 (Brasilia Standard Time),https://auniao.pb.gov.br/servicos/doe/2019/janeiro/diario-oficial-25-01-2019.pdf,RECONHECIDA,,NÃO,ATIVADO
25072412,03ª GRE,EECI VIRGINIUS DA GAMA E MELO,CAMPINA GRANDE,25072412 - 03ª GRE - EECI Virginius da Gama e Melo,Cidadã,ECI,Sim,NÃO OFERTA,OFERTA,OFERTA,Luiz e Thaís,2018,,4.4,4.8,4.1,4.2,,,,,,,,,4.8,4.8,"RUA PENEDO , SN - MALVINAS",58433-146,-7.2335344,-35.9270038,"-7.2335344,-35.9270038",16579,Sat Mar 17 2018 00:00:00 GMT-0300 (Brasilia Standard Time),38139,Fri Mar 16 2018 00:00:00 GMT-0300 (Brasilia Standard Time),https://auniao.pb.gov.br/servicos/doe/2018/marco/diario-oficial-17-03-2018.pdf,RECONHECIDA,,NÃO,ATIVADO
25117688,03ª GRE,EECI IRMÃ STEFANIE,CAMPINA GRANDE,25117688 - 03ª GRE - EECI Irmã Stefanie,Cidadã,ECI,Não,NÃO OFERTA,OFERTA,OFERTA,Luiz e Thaís,2018,,,4,5.4,5.7,,,,,,,5.5,5.5,6.1,6.2,"HENRIQUE NOBREGA , 0 - MALVINAS",58400-002,-7.2570615,-35.9243675,"-7.2570615,-35.9243675",16579,Sat Mar 17 2018 00:00:00 GMT-0300 (Brasilia Standard Time),38139,Fri Mar 16 2018 00:00:00 GMT-0300 (Brasilia Standard Time),https://auniao.pb.gov.br/servicos/doe/2018/marco/diario-oficial-17-03-2018.pdf,RECONHECIDA,,NÃO,ATIVADO
25117459,03ª GRE,EECIT PREFEITO WILLIAMS DE SOUSA ARRUDA,CAMPINA GRANDE,25117459 - 03ª GRE - EECIT Prefeito Williams de Sousa Arruda,Cidadã,ECI,Não,NÃO OFERTA,OFERTA,OFERTA,Luiz e Thaís,2019,3.4,,4.6,4.1,4.5,5,,,,,4.1,4.7,,4.5,4.9,"RUA BRUXELAS , S/N - CUITES",58404-864,-7.1853005,-35.9050212,"-7.1853005,-35.9050212",16794,Thu Jan 24 2019 23:00:00 GMT-0300 (Brasilia Standard Time),38944,Wed Jan 23 2019 23:00:00 GMT-0300 (Brasilia Standard Time),https://auniao.pb.gov.br/servicos/doe/2019/janeiro/diario-oficial-25-01-2019.pdf,RECONHECIDA,,NÃO,ATIVADO
25062069,03ª GRE,EECI MARIA JOSÉ DE SOUZA,MONTADAS,25062069 - 03ª GRE - EECI Maria José de Souza,Cidadã,ECI,Não,NÃO OFERTA,NÃO OFERTA,OFERTA,Luiz e Thaís,2019,3.4,4.1,4.2,4.2,4.5,,,,,,,,,,,"RUA JOSE VERISSIMO DE SOUZA , 197 - CENTRO",58145-000,-7.0867626,-35.9606528,"-7.0867626,-35.9606528",16794,Thu Jan 24 2019 23:00:00 GMT-0300 (Brasilia Standard Time),38944,Wed Jan 23 2019 23:00:00 GMT-0300 (Brasilia Standard Time),https://auniao.pb.gov.br/servicos/doe/2019/janeiro/diario-oficial-25-01-2019.pdf,RECONHECIDA,,NÃO,ATIVADO
25120859,03ª GRE,EECI PROF MARIA JOSE COSTA DE ALBUQUERQUE,OLIVEDOS,25120859 - 03ª GRE - EECI Prof Maria Jose Costa de Albuquerque,Cidadã,ECI,Não,NÃO OFERTA,NÃO OFERTA,OFERTA,Luiz e Thaís,2021,,4.7,,3.9,4.3,,,,,,,,,,,"RUA RONDINELLE GUIMARAES COUTO , SN - CENTRO",58160-000,-6.9963799,-36.2389193,"-6.9963799,-36.2389193",17487,Fri Nov 05 2021 00:00:00 GMT-0300 (Brasilia Standard Time),41819,Thu Nov 04 2021 00:00:00 GMT-0300 (Brasilia Standard Time),https://auniao.pb.gov.br/servicos/doe/2021/novembro/diario-oficial-05-11-2021.pdf,RECONHECIDA,,NÃO,ATIVADO
25136143,03ª GRE,ECIS PROFESSOR WALTER GOMES DE ALBUQUERQUE,LAGOA SECA,25136143 - 03ª GRE - ECIS Professor Walter Gomes de Albuquerque,Cidadã,ECI Sócio,Não,OFERTA,OFERTA,OFERTA,Luiz e Thaís,2026,,,,,,,,,,,,,,,,,,,,",",,,,,,RECONHECIDA,,NÃO,
25062220,03ª GRE,EECI MONSENHOR JOSÉ BORGES,SÃO SEBASTIÃO DE LAGOA DE ROÇA,25062220 - 03ª GRE - EECI Monsenhor José Borges,Cidadã,ECI,Não,NÃO OFERTA,NÃO OFERTA,OFERTA,Luiz e Thaís,2020,,3.6,,3.3,4.1,,,,,,3,,,,,"RUA LAURA DONATO DE ARAUJO , S/N - CENTRO",58119-000,-7.1048429,-35.8701508,"-7.1048429,-35.8701508",17072,Tue Mar 10 2020 00:00:00 GMT-0300 (Brasilia Standard Time),40109,Mon Mar 09 2020 00:00:00 GMT-0300 (Brasilia Standard Time),https://auniao.pb.gov.br/servicos/doe/2020/marco/diario-oficial-10-03-2020.pdf,PROCESSO ABERTO,,NÃO,ATIVADO
25114034,03ª GRE,EEEF DOM HELDER CAMARA,CAMPINA GRANDE,25114034 - 03ª GRE - EEEF Dom Helder Camara,Cidadã,ECI,Não,NÃO OFERTA,OFERTA,NÃO OFERTA,Luiz e Thaís,2026,,,,,,5,5.5,,,,4.1,4.7,4.9,4.7,4.7,"RUA LICIONEIA MARIA DA CONCEICAO , 125 - SANTA ROSA",58417-020,-7.2399346,-35.9099752,"-7.2399346,-35.9099752",,,,,,RECONHECIDA,,NÃO,ATIVADO
25072005,03ª GRE,EEEFM ADEMAR VELOSO SILVEIRA,CAMPINA GRANDE,25072005 - 03ª GRE - EEEFM Ademar Veloso Silveira,Cidadã,ECI,Não,NÃO OFERTA,OFERTA,OFERTA,Luiz e Thaís,2026,,3.4,,,4,,,,,,,3.3,,,4.3,"RUA JOAO VIRGOLINO DE ARAUJO , 1043 - BODOCONGO",58430-385,-7.2177039,-35.9151257,"-7.2177039,-35.9151257",,,,,,RECONHECIDA,,NÃO,ATIVADO
25078577,03ª GRE,EEEFM CONEGO ANTONIO GALDINO,PUXINANÃ,25078577 - 03ª GRE - EEEFM Conego Antonio Galdino,Cidadã,ECI,Não,NÃO OFERTA,NÃO OFERTA,OFERTA,Luiz e Thaís,2026,,3.3,3.8,3.6,4.3,4.9,,,,,,3.3,4.7,3.6,,"AVENIDA 28 DE JANEIRO , S/N - CENTRO",58115-000,-7.1460495,-35.9599988,"-7.1460495,-35.9599988",,,,,,RECONHECIDA,,NÃO,ATIVADO
25120670,03ª GRE,EEEFM MAJOR VENEZIANO VITAL DO REGO,CAMPINA GRANDE,25120670 - 03ª GRE - EEEFM Major Veneziano Vital do Rego,Cidadã,ECI,Não,NÃO OFERTA,OFERTA,OFERTA,Luiz e Thaís,2026,,,,,4.3,,,,,,,,,2.8,4.5,"RUA MARIA A. CANDIDA S/N , 0 - ACACIO FIGUEIREDO",58421-295,-7.2705443,-35.9212841,"-7.2705443,-35.9212841",,,,,,RECONHECIDA,,NÃO,ATIVADO
25072285,03ª GRE,EEEFM MURILO BRAGA,CAMPINA GRANDE,25072285 - 03ª GRE - EEEFM Murilo Braga,Cidadã,ECI,Não,NÃO OFERTA,OFERTA,OFERTA,Luiz e Thaís,2026,,,,3.4,4.5,4,,,,,3.1,,,3.8,4.5,"RUA SANTA FILOMENA , S/N - LIBERDADE",58414-020,-7.233190049,-35.8930336,"-7.233190049,-35.8930336",,,,,,RECONHECIDA,,NÃO,ATIVADO
25062638,03ª GRE,EEEFM PADRE HILDON BANDEIRA,ALAGOA GRANDE,25062638 - 03ª GRE - EEEFM Padre Hildon Bandeira,Cidadã,ECI,Não,NÃO OFERTA,OFERTA,OFERTA,Luiz e Thaís,2026,,,,,3.8,,,,,,,2.3,,2.4,4.4,"RUA PRESIDENTE JOAO PESSOA , 1485 - CENTRO",58388-000,-7.0420472,-35.6268469,"-7.0420472,-35.6268469",,,,,,RECONHECIDA,,NÃO,ATIVADO
25072129,03ª GRE,EEEFM SAO SEBASTIAO,CAMPINA GRANDE,25072129 - 03ª GRE - EEEFM Sao Sebastiao,Cidadã,ECI,Não,NÃO OFERTA,OFERTA,NÃO OFERTA,Luiz e Thaís,2026,,,,3.4,4.3,,,,,,,3.2,,2.7,4.8,"RUA ESTELITA CRUZ , 307 - ALTO BRANCO",58401-470,-7.2115909,-35.8802286,"-7.2115909,-35.8802286",,,,,,RECONHECIDA,,NÃO,ATIVADO
25114433,03ª GRE,EEEFM SENADOR HUMBERTO LUCENA,CAMPINA GRANDE,25114433 - 03ª GRE - EEEFM Senador Humberto Lucena,Cidadã,ECI,Não,NÃO OFERTA,OFERTA,OFERTA,Luiz e Thaís,2026,,3,4.3,4.1,4.5,3.3,,,,,3.5,3.6,5.1,5.1,5.7,"RUA MARCELINO PEREIRA DA COSTA , S/N - NOVO CRUZEIRO",58415-483,-7.2538536,-35.904137,"-7.2538536,-35.904137",,,,,,RECONHECIDA,,NÃO,ATIVADO
25118579,04ª GRE,ESCOLA CIDADÃ INTEGRAL ESTADUAL DE ENSINO MÉDIO PREFEITO SEVERINO PEREIRA GOMES,BARAÚNA,25118579 - 04ª GRE - Escola Cidadã Integral Estadual de Ensino Médio Prefeito Severino Pereira Gomes,Cidadã,ECI,Não,NÃO OFERTA,NÃO OFERTA,OFERTA,Rafael,2021,3,3.3,,3.9,4.7,,,,,,,,,,,"RUA MANOEL RODRIGUES , 79 - JARDIM PLANALTO",58188-000,-6.6431054,-36.2520054,"-6.6431054,-36.2520054",17536,Wed Jan 19 2022 00:00:00 GMT-0300 (Brasilia Standard Time),42223,Tue Jan 18 2022 00:00:00 GMT-0300 (Brasilia Standard Time),https://auniao.pb.gov.br/servicos/doe/2022/janeiro/diario-oficial-19-01-2022.pdf,RECONHECIDA,,NÃO,ATIVADO
25127659,04ª GRE,ECI EE FM PEDRO HENRIQUE DA SILVA,CUITÉ,25127659 - 04ª GRE - ECI EE FM Pedro Henrique da Silva,Cidadã,ECI,Não,NÃO OFERTA,OFERTA,OFERTA,Rafael,2019,3.1,2.8,3.7,3.4,4.3,,,,,,,3.5,3.6,4,4.5,"SITIO SERRA DO BOMBOCADINHO , 0 - ZONA RURAL",58175-000,-6.592107,-36.114331,"-6.592107,-36.114331",16794,Thu Jan 24 2019 23:00:00 GMT-0300 (Brasilia Standard Time),38944,Wed Jan 23 2019 23:00:00 GMT-0300 (Brasilia Standard Time),https://auniao.pb.gov.br/servicos/doe/2019/janeiro/diario-oficial-25-01-2019.pdf,RECONHECIDA,,NÃO,ATIVADO
25055836,04ª GRE,ECI ORLANDO VENANCIO DOS SANTOS,CUITÉ,25055836 - 04ª GRE - Eci Orlando Venancio dos Santos,Cidadã,ECI,Sim,NÃO OFERTA,NÃO OFERTA,OFERTA,Rafael,2017,,3.3,,2.7,4.1,,,,,,,,,,,"RUA 15 DE NOVEMBRO , S/N - CENTRO",58175-000,-6.483794785,-36.15086822,"-6.483794785,-36.15086822",16579,Sat Mar 17 2018 00:00:00 GMT-0300 (Brasilia Standard Time),38139,Fri Mar 16 2018 00:00:00 GMT-0300 (Brasilia Standard Time),https://auniao.pb.gov.br/servicos/doe/2018/marco/diario-oficial-17-03-2018.pdf,RECONHECIDA,,NÃO,ATIVADO
25043870,04ª GRE,EEEF MARIA FRANCINETE DE SOUZA,SÃO VICENTE DO SERIDÓ,25043870 - 04ª GRE - EEEF MARIA FRANCINETE DE SOUZA,Cidadã,ECI,Não,NÃO OFERTA,NÃO OFERTA,OFERTA,Rafael,2026,,,,,3.8,5.1,5.9,,,,4.3,4.3,,3.8,,"RUA MANOEL CORDEIRO , 50 - CENTRO",58158-000,-6.9344651,-36.4002316,"-6.9344651,-36.4002316",,,,,,RECONHECIDA,,NÃO,ATIVADO
25041185,04ª GRE,ECI PREFEITO AGUITÔNIO DANTAS,FREI MARTINHO,25041185 - 04ª GRE - ECI Prefeito Aguitônio Dantas,Cidadã,ECI,Não,NÃO OFERTA,NÃO OFERTA,OFERTA,Rafael,2018,4.2,4.4,,4.4,4.4,,,,,,,,,,,"RUA PROFESSOR LUIZ PINHEIRO , 0 - CENTRO",58195-000,-6.40537,-36.452737,"-6.40537,-36.452737",16579,Sat Mar 17 2018 00:00:00 GMT-0300 (Brasilia Standard Time),38139,Fri Mar 16 2018 00:00:00 GMT-0300 (Brasilia Standard Time),https://auniao.pb.gov.br/servicos/doe/2018/marco/diario-oficial-17-03-2018.pdf,RECONHECIDA,,NÃO,ATIVADO
25042351,04ª GRE,ECI ANTÔNIO COELHO DANTAS,NOVA PALMEIRA,25042351 - 04ª GRE - ECI Antônio Coelho Dantas,Cidadã,ECI,Não,NÃO OFERTA,NÃO OFERTA,OFERTA,Rafael,2018,4.7,5.2,4.9,5.7,5.3,,,,,,5.6,6,,,,"RUA JORGE MENDONCA , 200 - CENTRO",58184-000,-6.647303426,-36.521339,"-6.647303426,-36.521339",16579,Sat Mar 17 2018 00:00:00 GMT-0300 (Brasilia Standard Time),38139,Fri Mar 16 2018 00:00:00 GMT-0300 (Brasilia Standard Time),https://auniao.pb.gov.br/servicos/doe/2018/marco/diario-oficial-17-03-2018.pdf,RECONHECIDA,,NÃO,ATIVADO
25056581,04ª GRE,ECI EEFM JOSE VITORINO DE MEDEIROS,SOSSÊGO,25056581 - 04ª GRE - Eci EEFM Jose Vitorino de Medeiros,Cidadã,ECI,Não,NÃO OFERTA,NÃO OFERTA,OFERTA,Rafael,2020,3.5,4.1,,4.3,4.9,,,,,,,3.3,,,,"RUA ELIEZER FRANCISCO DOS SANTOS , S/N - CENTRO",58177-000,-6.767186483,-36.24643517,"-6.767186483,-36.24643517",17072,Tue Mar 10 2020 00:00:00 GMT-0300 (Brasilia Standard Time),40109,Mon Mar 09 2020 00:00:00 GMT-0300 (Brasilia Standard Time),https://auniao.pb.gov.br/servicos/doe/2020/marco/diario-oficial-10-03-2020.pdf,RECONHECIDA,,NÃO,ATIVADO
25049640,05ª GRE,ECI AMPARO,AMPARO,25049640 - 05ª GRE - ECI Amparo,Cidadã,ECI,Não,NÃO OFERTA,NÃO OFERTA,OFERTA,Rubens,2021,,3.3,,4.2,4.4,,,,,,,,,,,"RUA VEREADOR CICERO SOARES , 62 - CENTRO",58548-000,-7.56892,-37.06316,"-7.56892,-37.06316",17536,Wed Jan 19 2022 00:00:00 GMT-0300 (Brasilia Standard Time),42223,Tue Jan 18 2022 00:00:00 GMT-0300 (Brasilia Standard Time),https://auniao.pb.gov.br/servicos/doe/2022/janeiro/diario-oficial-19-01-2022.pdf,RECONHECIDA,,NÃO,ATIVADO
25054490,05ª GRE,E.C.I CEL SERVELIANO DE FARIAS CASTRO,CARAÚBAS,25054490 - 05ª GRE - E.C.I Cel Serveliano de Farias Castro,Cidadã,ECI,Não,NÃO OFERTA,NÃO OFERTA,OFERTA,Rubens,2021,3.6,4,,4.1,5,,,,,,,3.5,5,,,"RUA EXPEDICIONARIO LUIS TENORIO LEAO , 574 - CENTRO",58595-000,-7.7269695,-36.4933384,"-7.7269695,-36.4933384",17536,Wed Jan 19 2022 00:00:00 GMT-0300 (Brasilia Standard Time),42223,Tue Jan 18 2022 00:00:00 GMT-0300 (Brasilia Standard Time),https://auniao.pb.gov.br/servicos/doe/2022/janeiro/diario-oficial-19-01-2022.pdf,RECONHECIDA,,NÃO,NÃO ATIVADO
25049372,05ª GRE,ECI MANOEL HONORATO SOBRINHO,COXIXOLA,25049372 - 05ª GRE - Eci Manoel Honorato Sobrinho,Cidadã,ECI,Não,NÃO OFERTA,NÃO OFERTA,OFERTA,Rubens,2020,,4.6,,4.5,4.3,,,,,,4.6,4.9,,,,"RUA PROJETADA , 65 - CENTRO",58588-000,-7.62854,-36.60752,"-7.62854,-36.60752",17072,Tue Mar 10 2020 00:00:00 GMT-0300 (Brasilia Standard Time),40109,Mon Mar 09 2020 00:00:00 GMT-0300 (Brasilia Standard Time),https://auniao.pb.gov.br/servicos/doe/2020/marco/diario-oficial-10-03-2020.pdf,SEM PROCESSO,,NÃO,ATIVADO
25045466,05ª GRE,"EEEM BENTO TENÓRIO DE SOUSA ""ESCOLA DO CAMPO""",MONTEIRO,"25045466 - 05ª GRE - EEEM Bento Tenório de Sousa ""Escola do Campo""",Cidadã,ECI,Não,NÃO OFERTA,NÃO OFERTA,OFERTA,Rubens,2026,,3.4,3.5,4.3,4.4,,,,,,,,,,,"SITIO SANTA CATARINA , SN - ZONA RURAL",58500-000,-7.781035422,-37.10573556,"-7.781035422,-37.10573556",,,,,,RECONHECIDA,,NÃO,ATIVADO
25046764,05ª GRE,ECIEEM NOSSA SRA DAS GRACAS,OURO VELHO,25046764 - 05ª GRE - ECIEEM Nossa Sra das Gracas,Cidadã,ECI,Não,NÃO OFERTA,NÃO OFERTA,OFERTA,Rubens,2021,,4,,,4.5,,,,,,,,,,,"RUA JOSE CASSIANO , SN - CENTRO",58560-000,-7.618973189,-37.15289621,"-7.618973189,-37.15289621",17506,Fri Dec 03 2021 00:00:00 GMT-0300 (Brasilia Standard Time),41992,Thu Dec 02 2021 00:00:00 GMT-0300 (Brasilia Standard Time),https://auniao.pb.gov.br/servicos/doe/2021/dezembro/diario-oficial-03-12-2021.pdf,PROCESSO ABERTO,,NÃO,ATIVADO
25047469,05ª GRE,ECI JAIRO AIRES CALUETE,PARARI,25047469 - 05ª GRE - ECI Jairo Aires Caluete,Cidadã,ECI,Não,NÃO OFERTA,OFERTA,OFERTA,Rubens,2021,4.1,4.8,4,3.6,5.2,,,,,,3.3,3.9,4.6,4.6,5.2,"RUA TERTULINO AIRES DE QUEIROZ , S/N - 0",58575-000,-7.3160272,-36.6646332,"-7.3160272,-36.6646332",17443,Tue Aug 31 2021 00:00:00 GMT-0300 (Brasilia Standard Time),41467,Mon Aug 30 2021 00:00:00 GMT-0300 (Brasilia Standard Time),https://auniao.pb.gov.br/servicos/doe/2021/agosto/diario-oficial-31-08-2021.pdf,PROCESSO ABERTO,,NÃO,ATIVADO
25047116,05ª GRE,ECI MARIO OLIVEIRA CHAVES,SÃO JOÃO DO TIGRE,25047116 - 05ª GRE - ECI Mario Oliveira Chaves,Cidadã,ECI,Não,NÃO OFERTA,NÃO OFERTA,OFERTA,Rubens,2021,3.2,3.7,,3.8,4,,,,,,,,,,,"RUA ANANIAS HONORIO DE SOUZA , 45 - CENTRO",58520-000,-8.078484884,-36.85004157,"-8.078484884,-36.85004157",17536,Wed Jan 19 2022 00:00:00 GMT-0300 (Brasilia Standard Time),42223,Tue Jan 18 2022 00:00:00 GMT-0300 (Brasilia Standard Time),https://auniao.pb.gov.br/servicos/doe/2022/janeiro/diario-oficial-19-01-2022.pdf,RECONHECIDA,,NÃO,ATIVADO
25047450,05ª GRE,ECI BARTOLOMEU MARACAJA,SÃO JOSÉ DOS CORDEIROS,25047450 - 05ª GRE - ECI Bartolomeu Maracaja,Cidadã,ECI,Não,NÃO OFERTA,OFERTA,OFERTA,Rubens,2021,,4,3.9,4.3,4.5,4.9,5.2,,,,3.1,3.8,4.7,4.9,5.2,"RUA EULAMPIA SOUZA E SILVA , 26 - CENTRO",58570-000,-7.392173811,-36.80872679,"-7.392173811,-36.80872679",17536,Wed Jan 19 2022 00:00:00 GMT-0300 (Brasilia Standard Time),42223,Tue Jan 18 2022 00:00:00 GMT-0300 (Brasilia Standard Time),https://auniao.pb.gov.br/servicos/doe/2022/janeiro/diario-oficial-19-01-2022.pdf,RECONHECIDA,,NÃO,ATIVADO
25048350,05ª GRE,ECI MALAQUIAS BATISTA FEITOSA,SÃO SEBASTIÃO DO UMBUZEIRO,25048350 - 05ª GRE - ECI Malaquias Batista Feitosa,Cidadã,ECI,Não,NÃO OFERTA,NÃO OFERTA,OFERTA,Rubens,2021,3.3,3.2,,3.9,4.1,,,,,,4.1,2.1,,,,"AVENIDA VICENTE PEDRO. , 296 - CENTRO",58510-000,-8.154661,-37.0118346,"-8.154661,-37.0118346",17536,Wed Jan 19 2022 00:00:00 GMT-0300 (Brasilia Standard Time),42223,Tue Jan 18 2022 00:00:00 GMT-0300 (Brasilia Standard Time),https://auniao.pb.gov.br/servicos/doe/2022/janeiro/diario-oficial-19-01-2022.pdf,SEM PROCESSO,,NÃO,ATIVADO
25048368,05ª GRE,ESCOLA CIDADÃ INTEGRAL ESTADUAL DE ENSINO MÉDIO MARIA CELESTE DO NASCIMENTO,ZABELÊ,25048368 - 05ª GRE - Escola Cidadã Integral Estadual de Ensino Médio Maria Celeste do Nascimento,Cidadã,ECI,Não,NÃO OFERTA,NÃO OFERTA,OFERTA,Rubens,2021,,3.5,3.5,,3.4,,,,,,,,,,,"RUA JOAO MIZAEL DE MEDEIROS , S/N - CENTRO",58515-000,-8.073036535,-37.09511928,"-8.073036535,-37.09511928",17487,Fri Nov 05 2021 00:00:00 GMT-0300 (Brasilia Standard Time),41819,Thu Nov 04 2021 00:00:00 GMT-0300 (Brasilia Standard Time),https://auniao.pb.gov.br/servicos/doe/2021/novembro/diario-oficial-05-11-2021.pdf,INSPEÇÃO,,NÃO,ATIVADO
25050427,06ª GRE,EECI JOAO ROGERIO DIAS TOLEDO,ASSUNÇÃO,25050427 - 06ª GRE - EECI Joao Rogerio Dias Toledo,Cidadã,ECI,Não,NÃO OFERTA,NÃO OFERTA,OFERTA,Estéfane ,2020,3.6,,,4.5,4.5,,,,,,,,,,,"PIO SALVADOR , 126 - CENTRO",58685-000,-7.0755387,-36.7298846,"-7.0755387,-36.7298846",17072,Tue Mar 10 2020 00:00:00 GMT-0300 (Brasilia Standard Time),40109,Mon Mar 09 2020 00:00:00 GMT-0300 (Brasilia Standard Time),https://auniao.pb.gov.br/servicos/doe/2020/marco/diario-oficial-10-03-2020.pdf,RECONHECIDA,,NÃO,ATIVADO
25033794,06ª GRE,ECIT ESTADUAL PEDRO TERTO DA CUNHA,CACIMBAS,25033794 - 06ª GRE - ECIT Estadual Pedro Terto da Cunha,Cidadã,ECI,Não,NÃO OFERTA,NÃO OFERTA,OFERTA,Estéfane ,2021,,,,4.1,4.1,,,,,,,2.4,,,,"RUA FERNANDES FERREIRA , 0 - CENTRO",58698-000,-7.219195353,-37.12517133,"-7.219195353,-37.12517133",17537,Thu Jan 20 2022 00:00:00 GMT-0300 (Brasilia Standard Time),42224,Wed Jan 19 2022 00:00:00 GMT-0300 (Brasilia Standard Time),https://auniao.pb.gov.br/servicos/doe/2022/janeiro/diario-oficial-20-01-2022.pdf,RECONHECIDA,,NÃO,ATIVADO
25103563,06ª GRE,EEEFM PROFESSOR JOSE GOMES ALVES,PATOS,25103563 - 06ª GRE - EEEFM Professor Jose Gomes Alves,Cidadã,ECI,Não,NÃO OFERTA,NÃO OFERTA,OFERTA,Estéfane ,2026,,3.2,,3,3.9,,,,,,3.3,,,,,"DONATO LOCIO , S/N - JATOBA",58707-380,-7.050843545,-37.27637338,"-7.050843545,-37.27637338",,,,,,RECONHECIDA,,NÃO,ATIVADO
25040014,06ª GRE,ESCOLA CIDADÃ INTEGRAL TÉCNICA ESTADUAL SERÁFICO NÓBREGA,SÃO MAMEDE,25040014 - 06ª GRE - Escola Cidadã Integral Técnica Estadual Seráfico Nóbrega,Cidadã,ECI,Não,NÃO OFERTA,NÃO OFERTA,OFERTA,Estéfane ,2017,4.9,5,,5,4.8,,,,,,,,,,,"RUA JOSE PEQUENO DE OLIVEIRA , 91 - CENTRO",58625-000,-6.925993718,-37.09421858,"-6.925993718,-37.09421858",16579,Sat Mar 17 2018 00:00:00 GMT-0300 (Brasilia Standard Time),38139,Fri Mar 16 2018 00:00:00 GMT-0300 (Brasilia Standard Time),https://auniao.pb.gov.br/servicos/doe/2018/marco/diario-oficial-17-03-2018.pdf,RECONHECIDA,,NÃO,ATIVADO
25020102,06ª GRE,EEEFM FRANCISCO ROMANO DA SILVEIRA,MÃE D'ÁGUA,25020102 - 06ª GRE - EEEFM Francisco Romano da Silveira,Cidadã,ECI,Não,NÃO OFERTA,NÃO OFERTA,OFERTA,Estéfane ,2021,3.7,2.8,4.3,4.5,4.2,,,,,,,,,,,"RUA SAO SEBASTIAO , 5 - CENTRO",58740-000,-7.257713679,-37.42700521,"-7.257713679,-37.42700521",17537,Thu Jan 20 2022 00:00:00 GMT-0300 (Brasilia Standard Time),42224,Wed Jan 19 2022 00:00:00 GMT-0300 (Brasilia Standard Time),https://auniao.pb.gov.br/servicos/doe/2022/janeiro/diario-oficial-20-01-2022.pdf,RECONHECIDA,,NÃO,ATIVADO
25037781,06ª GRE,E. C. I. ANTONIO MOACIR DANTAS CAVALCANTI,MATURÉIA,25037781 - 06ª GRE - E. C. I. ANTONIO MOACIR DANTAS CAVALCANTI,Cidadã,ECI,Não,NÃO OFERTA,NÃO OFERTA,OFERTA,Estéfane ,2021,2.6,3,,3.4,4,,,,,,,,,,,"AVENIDA JOSE JERONIMO , 282 - CENTRO",58737-000,-7.265712606,-37.34650223,"-7.265712606,-37.34650223",17537,Thu Jan 20 2022 00:00:00 GMT-0300 (Brasilia Standard Time),42224,Wed Jan 19 2022 00:00:00 GMT-0300 (Brasilia Standard Time),https://auniao.pb.gov.br/servicos/doe/2022/janeiro/diario-oficial-20-01-2022.pdf,RECONHECIDA,,NÃO,ATIVADO
25020927,06ª GRE,ECI AUZENIR LACERDA,PATOS,25020927 - 06ª GRE - Eci Auzenir Lacerda,Cidadã,ECI,Não,NÃO OFERTA,NÃO OFERTA,OFERTA,Estéfane ,2018,3.1,4.4,,4.1,4.9,,,,,,,,,,,"RUA LUIS JOSE , S/N - JARDIM LACERDA",58704-030,-7.031319275,-37.28816905,"-7.031319275,-37.28816905",16579,Sat Mar 17 2018 00:00:00 GMT-0300 (Brasilia Standard Time),38139,Fri Mar 16 2018 00:00:00 GMT-0300 (Brasilia Standard Time),https://auniao.pb.gov.br/servicos/doe/2018/marco/diario-oficial-17-03-2018.pdf,RECONHECIDA,,NÃO,ATIVADO
25020935,06ª GRE,ECI ESTADUAL DE ENSINO FUNDAMENTAL E MÉDIO MONSENHOR MANOEL VIEIRA,PATOS,25020935 - 06ª GRE - Eci Estadual de Ensino Fundamental e Médio Monsenhor Manoel Vieira,Cidadã,ECI,Sim,NÃO OFERTA,NÃO OFERTA,OFERTA,Estéfane ,2017,4.4,5.3,,5.1,5.3,,,,,,,,,,,"PRACA EDVALDO MOTTA , 0 - CENTRO",58700-590,-7.027545052,-37.28447735,"-7.027545052,-37.28447735",16579,Sat Mar 17 2018 00:00:00 GMT-0300 (Brasilia Standard Time),38139,Fri Mar 16 2018 00:00:00 GMT-0300 (Brasilia Standard Time),https://auniao.pb.gov.br/servicos/doe/2018/marco/diario-oficial-17-03-2018.pdf,RECONHECIDA,,NÃO,ATIVADO
25038796,06ª GRE,EEEM FENELON NOBREGA,SALGADINHO,25038796 - 06ª GRE - EEEM Fenelon Nobrega,Cidadã,ECI,Não,NÃO OFERTA,NÃO OFERTA,OFERTA,Estéfane ,2021,3.9,4,,3.9,4.1,,,,,,,,,,,"RUA JOSE MACIEL DE SOUZA , 56 - CENTRO",58650-000,-7.10198912,-36.84298144,"-7.10198912,-36.84298144",17487,Fri Nov 05 2021 00:00:00 GMT-0300 (Brasilia Standard Time),41819,Thu Nov 04 2021 00:00:00 GMT-0300 (Brasilia Standard Time),https://auniao.pb.gov.br/servicos/doe/2021/novembro/diario-oficial-05-11-2021.pdf,RECONHECIDA,,NÃO,ATIVADO
25039083,06ª GRE,ECI EEF COELHO LISBOA,SANTA LUZIA,25039083 - 06ª GRE - Eci EEF Coelho Lisboa,Cidadã,ECI,Não,NÃO OFERTA,OFERTA,OFERTA,Estéfane ,2020,,,,,,4.4,5.3,,,,3.6,4.7,5,4.9,5.3,"AVENIDA JOSE AMERICO , S/N - CENTRO",58600-000,-6.872969756,-36.91898947,"-6.872969756,-36.91898947",17072,Tue Mar 10 2020 00:00:00 GMT-0300 (Brasilia Standard Time),40109,Mon Mar 09 2020 00:00:00 GMT-0300 (Brasilia Standard Time),https://auniao.pb.gov.br/servicos/doe/2020/marco/diario-oficial-10-03-2020.pdf,RECONHECIDA,,NÃO,ATIVADO
25022296,06ª GRE,EEEFM PROFESSOR JOAO NOBERTO,SANTA TERESINHA,25022296 - 06ª GRE - EEEFM Professor Joao Noberto,Cidadã,ECI,Não,NÃO OFERTA,NÃO OFERTA,OFERTA,Estéfane ,2021,3.6,4.2,,2.6,4.9,,,,,,4.5,3.2,,,,"RUA EPITACIO RODRIGUES , 360 - CENTRO",58720-000,-7.083067344,-37.4429512,"-7.083067344,-37.4429512",17443,Tue Aug 31 2021 00:00:00 GMT-0300 (Brasilia Standard Time),41467,Mon Aug 30 2021 00:00:00 GMT-0300 (Brasilia Standard Time),https://auniao.pb.gov.br/servicos/doe/2021/agosto/diario-oficial-31-08-2021.pdf,SEM PROCESSO,,NÃO,ATIVADO
25023187,06ª GRE,ECI EEM MARIA DE LOURDES MEIRA,SÃO JOSÉ DO BONFIM,25023187 - 06ª GRE - Eci EEM Maria de Lourdes Meira,Cidadã,ECI,Não,NÃO OFERTA,NÃO OFERTA,OFERTA,Estéfane ,2020,,3.8,3.5,3.9,3.9,,,,,,,,,,,"DAMIAO PIRES , 0 - CENTRO",58725-000,-7.16134589,-37.30884265,"-7.16134589,-37.30884265",17072,Tue Mar 10 2020 00:00:00 GMT-0300 (Brasilia Standard Time),40109,Mon Mar 09 2020 00:00:00 GMT-0300 (Brasilia Standard Time),https://auniao.pb.gov.br/servicos/doe/2020/marco/diario-oficial-10-03-2020.pdf,RECONHECIDA,,NÃO,ATIVADO
25123297,06ª GRE,EECI MARIA ELIDIA RANGEL,TENÓRIO,25123297 - 06ª GRE - EECI Maria Elidia Rangel,Cidadã,ECI,Não,NÃO OFERTA,NÃO OFERTA,OFERTA,Estéfane ,2021,4,4.7,,4,4.4,,,,,,,,,,,"RUA ANATIVA MOTA DE AZEVEDO , S/Nº - BELA VISTA",58665-000,-6.939111,-36.631023,"-6.939111,-36.631023",17535,Tue Jan 18 2022 00:00:00 GMT-0300 (Brasilia Standard Time),42222,Mon Jan 17 2022 00:00:00 GMT-0300 (Brasilia Standard Time),https://auniao.pb.gov.br/servicos/doe/2022/janeiro/diario-oficial-18-01-2022.pdf ,RECONHECIDA,,NÃO,ATIVADO
25023489,07ª GRE,ECI EEM AGENOR MENDES PEDROSA,AGUIAR,25023489 - 07ª GRE - Eci EEM Agenor Mendes Pedrosa,Cidadã,ECI,Não,NÃO OFERTA,OFERTA,OFERTA,Euriclea,2020,3.1,3.6,,4.7,5,,,,,,3.5,3.4,4.5,4.9,5.2,"RUA JOAO PAULO SOBRINHO , S/N - EVANDRO CABRAL",58778-000,-7.0916635,-38.1725656,"-7.0916635,-38.1725656",17072,Tue Mar 10 2020 00:00:00 GMT-0300 (Brasilia Standard Time),40109,Mon Mar 09 2020 00:00:00 GMT-0300 (Brasilia Standard Time),https://auniao.pb.gov.br/servicos/doe/2020/marco/diario-oficial-10-03-2020.pdf,RECONHECIDA,,NÃO,ATIVADO
25027573,07ª GRE,ECI EEM JOÃO CAVALCANTE SULA,BOA VENTURA,25027573 - 07ª GRE - Eci EEM João Cavalcante Sula,Cidadã,ECI,Não,NÃO OFERTA,NÃO OFERTA,OFERTA,Euriclea,2020,3,3.6,,4.7,4.4,,,,,,,4.4,,5,,"RUA PADRE LUIS GOMES , 126 - CENTRO",58993-000,-7.4185858,-38.2183783,"-7.4185858,-38.2183783",17072,Tue Mar 10 2020 00:00:00 GMT-0300 (Brasilia Standard Time),40109,Mon Mar 09 2020 00:00:00 GMT-0300 (Brasilia Standard Time),https://auniao.pb.gov.br/servicos/doe/2020/marco/diario-oficial-10-03-2020.pdf,PROCESSO ABERTO,,NÃO,ATIVADO
25029576,07ª GRE,ECIEEM CORONEL ZUZA LACERDA,CURRAL VELHO,25029576 - 07ª GRE - ECIEEM CORONEL ZUZA LACERDA,Cidadã,ECI,Não,NÃO OFERTA,NÃO OFERTA,OFERTA,Euriclea,2021,2.8,4,,4.3,4.4,,,,,,3.3,4.6,,,,"RUA COSMO ALVES BARBOSA , 120 - CENTRO",58990-000,-7.537457264,-38.19904666,"-7.537457264,-38.19904666",17538,Fri Jan 21 2022 00:00:00 GMT-0300 (Brasilia Standard Time),42227,Thu Jan 20 2022 00:00:00 GMT-0300 (Brasilia Standard Time),https://auniao.pb.gov.br/servicos/doe/2022/janeiro/diario-oficial-21-01-2022.pdf,RECONHECIDA,,NÃO,ATIVADO
25028065,07ª GRE,EEEF JOSÉ HEITOR SOUZA MANGUEIRA,CONCEIÇÃO,25028065 - 07ª GRE - EEEF JOSÉ HEITOR SOUZA MANGUEIRA,Cidadã,ECI,Não,NÃO OFERTA,NÃO OFERTA,OFERTA,Euriclea,2026,,,,3.9,3.9,,,,,,,2.6,,2.7,,"AVENIDA VICE PREFEITO MARTINHO FURTADO DE LACERDA , S/N - NOSSA SENHORA DE FATIMA",58970-000,-7.551612173,-38.50726455,"-7.551612173,-38.50726455",,,,,,RECONHECIDA,,NÃO,ATIVADO
25030116,07ª GRE,ECIEEM PADRE MANOEL OTAVIANO,IBIARA,25030116 - 07ª GRE - ECIEEM Padre Manoel Otaviano,Cidadã,ECI,Não,NÃO OFERTA,NÃO OFERTA,OFERTA,Euriclea,2020,2.8,3.6,,3.8,4.2,,,,,,,,,,,"RUA SANTA MARIA , 1000 - IBIARINHA",58980-000,-7.501722413,-38.40363636,"-7.501722413,-38.40363636",17072,Tue Mar 10 2020 00:00:00 GMT-0300 (Brasilia Standard Time),40109,Mon Mar 09 2020 00:00:00 GMT-0300 (Brasilia Standard Time),https://auniao.pb.gov.br/servicos/doe/2020/marco/diario-oficial-10-03-2020.pdf,RECONHECIDA,,NÃO,ATIVADO
25031155,07ª GRE,ECI FRANCELINO DE ALENCAR NEVES,ITAPORANGA,25031155 - 07ª GRE - Eci Francelino de Alencar Neves,Cidadã,ECI,Não,NÃO OFERTA,OFERTA,NÃO OFERTA,Euriclea,2016,3.5,,,,,,,,,,,3.5,,4.6,5.2,"RUA JOAO SILVINO DA FONSECA , 310 - CENTRO",58780-000,-7.3024104,-38.1531408,"-7.3024104,-38.1531408",16579,Sat Mar 17 2018 00:00:00 GMT-0300 (Brasilia Standard Time),38139,Fri Mar 16 2018 00:00:00 GMT-0300 (Brasilia Standard Time),https://auniao.pb.gov.br/servicos/doe/2018/marco/diario-oficial-17-03-2018.pdf,PROCESSO ABERTO,,NÃO,ATIVADO
25031783,07ª GRE,ECIT EEFM PRESIDENTE KENNEDY,SANTANA DE MANGUEIRA,25031783 - 07ª GRE - Ecit EEFM Presidente Kennedy,Cidadã,ECI,Não,NÃO OFERTA,OFERTA,OFERTA,Euriclea,2020,,3.4,,3.8,3.9,,,,,,2.6,3.7,,,,"TRAVESSA ELISA FERREIRA LIMA , 0 - CENTRO",58985-000,-7.551121501,-38.33380932,"-7.551121501,-38.33380932",17072,Tue Mar 10 2020 00:00:00 GMT-0300 (Brasilia Standard Time),40109,Mon Mar 09 2020 00:00:00 GMT-0300 (Brasilia Standard Time),https://auniao.pb.gov.br/servicos/doe/2020/marco/diario-oficial-10-03-2020.pdf,RECONHECIDA,,NÃO,ATIVADO
25031481,07ª GRE,ECI EEM JOÃO DE SOUSA PRIMO,PEDRA BRANCA,25031481 - 07ª GRE - Eci EEM João de Sousa Primo,Cidadã,ECI,Não,NÃO OFERTA,NÃO OFERTA,OFERTA,Euriclea,2020,,3.9,4.2,3.6,4.5,,,,,,,,,,,"AV. JOSE TEOTONIO DOS SANTOS , 0 - CENTRO",58790-000,-7.428355937,-38.07032565,"-7.428355937,-38.07032565",17072,Tue Mar 10 2020 00:00:00 GMT-0300 (Brasilia Standard Time),40109,Mon Mar 09 2020 00:00:00 GMT-0300 (Brasilia Standard Time),https://auniao.pb.gov.br/servicos/doe/2020/marco/diario-oficial-10-03-2020.pdf,SEM PROCESSO,,NÃO,ATIVADO
25028103,07ª GRE,ESCOLA CIDADÃ INTEGRAL ESTADUAL DE ENSINO FUNDAMENTAL E MÉDIO ENÉAS LEITE,SANTA INÊS,25028103 - 07ª GRE - ESCOLA CIDADÃ INTEGRAL ESTADUAL DE ENSINO FUNDAMENTAL E MÉDIO ENÉAS LEITE,Cidadã,ECI,Não,NÃO OFERTA,NÃO OFERTA,OFERTA,Euriclea,2021,3.7,,,3.4,3.5,,,,,,,3.5,,2.8,,"RUA MANOEL PEREIRA CAMPOS , 86 - CENTRO",58978-000,-7.628054895,-38.55973953,"-7.628054895,-38.55973953",17487,Fri Nov 05 2021 00:00:00 GMT-0300 (Brasilia Standard Time),41819,Thu Nov 04 2021 00:00:00 GMT-0300 (Brasilia Standard Time),https://auniao.pb.gov.br/servicos/doe/2021/novembro/diario-oficial-05-11-2021.pdf,RECONHECIDA,,NÃO,ATIVADO
25027190,07ª GRE,ECI EEM DOUTOR FELIZARDO LEITE,SANTANA DOS GARROTES,25027190 - 07ª GRE - Eci EEM Doutor Felizardo Leite,Cidadã,ECI,Não,NÃO OFERTA,NÃO OFERTA,OFERTA,Euriclea,2020,,,,3.6,4.5,3.8,,,,,,,,,,"RUA MANOEL BATISTA , 52 - CENTRO",58795-000,-7.386185641,-37.98863827,"-7.386185641,-37.98863827",17072,Tue Mar 10 2020 00:00:00 GMT-0300 (Brasilia Standard Time),40109,Mon Mar 09 2020 00:00:00 GMT-0300 (Brasilia Standard Time),https://auniao.pb.gov.br/servicos/doe/2020/marco/diario-oficial-10-03-2020.pdf,RECONHECIDA,,NÃO,ATIVADO
25032518,07ª GRE,EEEFM OTAVIANO L DA SILVA,SÃO JOSÉ DE CAIANA,25032518 - 07ª GRE - EEEFM OTAVIANO L DA SILVA,Cidadã,ECI,Não,NÃO OFERTA,NÃO OFERTA,OFERTA,Euriclea,2021,3.6,2.8,,3.1,3.6,,,,,,3.5,3.8,,4.4,,"RUA JOSE PEREIRA LIMA , S/N - CENTRO",58784-000,-7.252397827,-38.29789359,"-7.252397827,-38.29789359",17538,Fri Jan 21 2022 00:00:00 GMT-0300 (Brasilia Standard Time),42227,Thu Jan 20 2022 00:00:00 GMT-0300 (Brasilia Standard Time),https://auniao.pb.gov.br/servicos/doe/2022/janeiro/diario-oficial-21-01-2022.pdf,INSPEÇÃO,,NÃO,ATIVADO
25032968,07ª GRE,EEEFM PROF JOSEFA JUSTINO GOMES,SERRA GRANDE,25032968 - 07ª GRE - EEEFM Prof Josefa Justino Gomes,Cidadã,ECI,Não,NÃO OFERTA,NÃO OFERTA,OFERTA,Euriclea,2021,3.2,3.9,,3.7,4.1,,,,,,5.3,,,,,"AV. PREF. IVO PINTO RAMALHO , 580 - BELA VISTA",58955-000,-7.2134095,-38.3735822,"-7.2134095,-38.3735822",17538,Fri Jan 21 2022 00:00:00 GMT-0300 (Brasilia Standard Time),42227,Thu Jan 20 2022 00:00:00 GMT-0300 (Brasilia Standard Time),https://auniao.pb.gov.br/servicos/doe/2022/janeiro/diario-oficial-21-01-2022.pdf,RECONHECIDA,,NÃO,ATIVADO
25000047,08ª GRE,ECI NOSSA SENHORA DA CONCEIÇÃO,BELÉM DO BREJO DO CRUZ,25000047 - 08ª GRE - Eci Nossa Senhora da Conceição,Cidadã,ECI,Não,NÃO OFERTA,NÃO OFERTA,OFERTA,Estéfane ,2018,2.8,3.7,,3.6,4.8,,,,,,,,,,,"RUA JOAO BATISTA DE OLIVEIRA FORTE , 411 - CENTRO",58895-000,-6.188008446,-37.53440047,"-6.188008446,-37.53440047",16579,Sat Mar 17 2018 00:00:00 GMT-0300 (Brasilia Standard Time),38139,Fri Mar 16 2018 00:00:00 GMT-0300 (Brasilia Standard Time),https://auniao.pb.gov.br/servicos/doe/2018/marco/diario-oficial-17-03-2018.pdf,SEM PROCESSO,,NÃO,ATIVADO
25001477,08ª GRE,ECI EEFM PROFESSORA DIVA GUEDES DE ARAUJO,BREJO DOS SANTOS,25001477 - 08ª GRE - Eci EEFM Professora Diva Guedes de Araujo,Cidadã,ECI,Não,NÃO OFERTA,NÃO OFERTA,OFERTA,Estéfane ,2020,3.4,3,,3.6,4.4,,,,,,3.2,3.5,,,,"RUA APOLONIO PEREIRA DE SOUSA , 150 - CENTRO",58880-000,-6.368821165,-37.81548736,"-6.368821165,-37.81548736",17072,Tue Mar 10 2020 00:00:00 GMT-0300 (Brasilia Standard Time),40109,Mon Mar 09 2020 00:00:00 GMT-0300 (Brasilia Standard Time),https://auniao.pb.gov.br/servicos/doe/2020/marco/diario-oficial-10-03-2020.pdf,RECONHECIDA,,NÃO,ATIVADO
25001906,08ª GRE,ESCOLA CIDADÃ INTEGRAL JOÃO SUASSUNA,CATOLÉ DO ROCHA,25001906 - 08ª GRE - ESCOLA CIDADÃ INTEGRAL JOÃO SUASSUNA,Cidadã,ECI,Sim,NÃO OFERTA,NÃO OFERTA,OFERTA,Estéfane ,2019,,4.2,,4.1,5.1,,,,,,3.2,4.6,,,,"PRACA PREFEITO JOSE SERGIO MAIA , 70 - CENTRO",58884-000,-6.3465712,-37.74657554,"-6.3465712,-37.74657554",16794,Thu Jan 24 2019 23:00:00 GMT-0300 (Brasilia Standard Time),38944,Wed Jan 23 2019 23:00:00 GMT-0300 (Brasilia Standard Time),https://auniao.pb.gov.br/servicos/doe/2019/janeiro/diario-oficial-25-01-2019.pdf,RECONHECIDA,,NÃO,ATIVADO
25002422,08ª GRE,ECI EEFM FRANCISCO MAIA,JERICÓ,25002422 - 08ª GRE - Eci EEFM Francisco Maia,Cidadã,ECI,Não,NÃO OFERTA,NÃO OFERTA,OFERTA,Estéfane ,2020,3.6,4,,4.9,5.7,,,,,,,3.4,,5.2,,"RUA JOSE MESQUITA , 112 - 0",58830-000,-6.552396265,-37.80645649,"-6.552396265,-37.80645649",17072,Tue Mar 10 2020 00:00:00 GMT-0300 (Brasilia Standard Time),40109,Mon Mar 09 2020 00:00:00 GMT-0300 (Brasilia Standard Time),https://auniao.pb.gov.br/servicos/doe/2020/marco/diario-oficial-10-03-2020.pdf,RECONHECIDA,,NÃO,ATIVADO
25003054,08ª GRE,EEEFM FREI BRUNO,LAGOA,25003054 - 08ª GRE - EEEFM Frei Bruno,Cidadã,ECI,Não,NÃO OFERTA,NÃO OFERTA,OFERTA,Estéfane ,2021,,4.6,,3.4,4.7,,,,,,,,,,,"TRAVESSA SIMPLICIO ROQUE , 2 - CENTRO",58835-000,-6.573611504,-37.91856064,"-6.573611504,-37.91856064",17541,Wed Jan 26 2022 00:00:00 GMT-0300 (Brasilia Standard Time),42230,Tue Jan 25 2022 00:00:00 GMT-0300 (Brasilia Standard Time),https://auniao.pb.gov.br/servicos/doe/2022/janeiro/diario-oficial-26-01-2022.pdf,RECONHECIDA,,NÃO,ATIVADO
25000659,08ª GRE,EEEFM ANTONIO GOMES,BREJO DO CRUZ,25000659 - 08ª GRE - EEEFM Antonio Gomes,Cidadã,ECI,Não,NÃO OFERTA,NÃO OFERTA,OFERTA,Estéfane ,2026,,,,3.3,4,,,,,,,3,,,,"RUA ANGELINA MARIZ , 50 - CENTRO",58890-000,-6.348706886,-37.4969039,"-6.348706886,-37.4969039",,,,,,RECONHECIDA,,NÃO,ATIVADO
25002457,08ª GRE,ECIEEM JOSÉ SERAFIM DE LIMA,MATO GROSSO,25002457 - 08ª GRE - ECIEEM JOSÉ SERAFIM DE LIMA,Cidadã,ECI,Não,NÃO OFERTA,NÃO OFERTA,OFERTA,Estéfane ,2021,3,4.1,,4.6,,,,,,,,,,,,"RUA ANTONIO SERAFIM DE LIMA , 16 - CENTRO",58832-000,-6.54223866,-37.71295201,"-6.54223866,-37.71295201",17506,Fri Dec 03 2021 00:00:00 GMT-0300 (Brasilia Standard Time),41992,Thu Dec 02 2021 00:00:00 GMT-0300 (Brasilia Standard Time),https://auniao.pb.gov.br/servicos/doe/2021/dezembro/diario-oficial-03-12-2021.pdf,RECONHECIDA,,NÃO,ATIVADO
25012193,09ª GRE,EEEFM NELSON BATISTA ALVES,BERNARDINO BATISTA,25012193 - 09ª GRE - EEEFM Nelson Batista Alves,Cidadã,ECI,Não,NÃO OFERTA,NÃO OFERTA,OFERTA,Bismarck e Kamila ,2021,,4.7,,3.3,4.5,,,,,,,,,,,"RUA JOSE ESTRELA ABRANTES , 245 - CENTRO",58922-000,-6.453609823,-38.54742385,"-6.453609823,-38.54742385",17538,Fri Jan 21 2022 00:00:00 GMT-0300 (Brasilia Standard Time),42227,Thu Jan 20 2022 00:00:00 GMT-0300 (Brasilia Standard Time),https://auniao.pb.gov.br/servicos/doe/2022/janeiro/diario-oficial-21-01-2022.pdf,INSPEÇÃO,,NÃO,ATIVADO
25006029,09ª GRE,EEEFM PROF JOAQUIM UMBELINO,BOM JESUS,25006029 - 09ª GRE - EEEFM Prof Joaquim Umbelino,Cidadã,ECI,Não,NÃO OFERTA,NÃO OFERTA,OFERTA,Bismarck e Kamila ,2021,3.5,3.3,,3.6,3.8,,,,,,,,,,,"RUA 05 DE NOVEMBRO , 1 - ASA BRANCA",58930-000,-6.813441431,-38.65270611,"-6.813441431,-38.65270611",17443,Tue Aug 31 2021 00:00:00 GMT-0300 (Brasilia Standard Time),41467,Mon Aug 30 2021 00:00:00 GMT-0300 (Brasilia Standard Time),https://auniao.pb.gov.br/servicos/doe/2021/agosto/diario-oficial-31-08-2021.pdf,VOLTOU PARA O CONSELHO,,NÃO,ATIVADO
25006231,09ª GRE,EEEF JOAQUIM NABUCO,BONITO DE SANTA FÉ,25006231 - 09ª GRE - EEEF Joaquim Nabuco,Cidadã,ECI,Não,NÃO OFERTA,OFERTA,OFERTA,Bismarck e Kamila ,2026,,,,,3.9,,,,,,3.3,3.2,,4,4.2,"RUA PREFEITO JOSE FERREIRA CAJU , 204 - CENTRO",58960-000,-7.308096804,-38.50499885,"-7.308096804,-38.50499885",,,,,,RECONHECIDA,,NÃO,ATIVADO
25009192,09ª GRE,ECI EEM JOEL PEREIRA DA SILVA,CARRAPATEIRA,25009192 - 09ª GRE - Eci EEM Joel Pereira da Silva,Cidadã,ECI,Não,NÃO OFERTA,NÃO OFERTA,OFERTA,Bismarck e Kamila ,2020,,3.4,,5.1,4.7,,,,,,,,,,,"RUA JOAO BEZERRA , S/N - CENTRO",58945-000,-7.03810039,-38.3464694,"-7.03810039,-38.3464694",17072,Tue Mar 10 2020 00:00:00 GMT-0300 (Brasilia Standard Time),40109,Mon Mar 09 2020 00:00:00 GMT-0300 (Brasilia Standard Time),https://auniao.pb.gov.br/servicos/doe/2020/marco/diario-oficial-10-03-2020.pdf,RECONHECIDA,,NÃO,ATIVADO
25012932,09ª GRE,ESCOLA ESTADUAL CIDADÃ INTEGRAL SÃO JOSÉ OPERÁRIO,JOCA CLAUDINO,25012932 - 09ª GRE - ESCOLA ESTADUAL CIDADÃ INTEGRAL SÃO JOSÉ OPERÁRIO,Cidadã,ECI,Não,NÃO OFERTA,NÃO OFERTA,OFERTA,Bismarck e Kamila ,2020,2.4,,4,3.6,4.7,,,,,,,,,,,"RUA CHIQUINHO PEDOCA , 1 - CENTRO",58928-000,-6.483136193,-38.47920417,"-6.483136193,-38.47920417",17072,Tue Mar 10 2020 00:00:00 GMT-0300 (Brasilia Standard Time),40109,Mon Mar 09 2020 00:00:00 GMT-0300 (Brasilia Standard Time),https://auniao.pb.gov.br/servicos/doe/2020/marco/diario-oficial-10-03-2020.pdf,INSPEÇÃO,,NÃO,ATIVADO
25009559,09ª GRE,ECIEEFM BONIFÁCIO SARAIVA DE MOURA,MONTE HOREBE,25009559 - 09ª GRE - ECIEEFM Bonifácio Saraiva de Moura,Cidadã,ECI,Não,NÃO OFERTA,NÃO OFERTA,OFERTA,Bismarck e Kamila ,2021,4.1,4.3,,3.8,4,,,,,,3,3.1,,,,"RUA PROJETADA , S/N - CENTRO",58950-000,-7.211739478,-38.58113213,"-7.211739478,-38.58113213",17538,Fri Jan 21 2022 00:00:00 GMT-0300 (Brasilia Standard Time),42227,Thu Jan 20 2022 00:00:00 GMT-0300 (Brasilia Standard Time),https://auniao.pb.gov.br/servicos/doe/2022/janeiro/diario-oficial-21-01-2022.pdf,RECONHECIDA,,NÃO,ATIVADO
25012940,09ª GRE,ECI EEM JOSE NILSON SANTIAGO,POÇO DANTAS,25012940 - 09ª GRE - Eci EEM Jose Nilson Santiago,Cidadã,ECI,Não,NÃO OFERTA,NÃO OFERTA,OFERTA,Bismarck e Kamila ,2020,,3.7,,4.5,4.9,,,,,,,,,,,"RUA ODILON FRANCISCO DE OLIVEIRA , S/N - CENTRO",58933-000,-6.4059352,-38.4983327,"-6.4059352,-38.4983327",17072,Tue Mar 10 2020 00:00:00 GMT-0300 (Brasilia Standard Time),40109,Mon Mar 09 2020 00:00:00 GMT-0300 (Brasilia Standard Time),https://auniao.pb.gov.br/servicos/doe/2020/marco/diario-oficial-10-03-2020.pdf,RECONHECIDA,,NÃO,ATIVADO
25009931,09ª GRE,ECI ELAINE SOARES BRASILEIRO,SANTA HELENA,25009931 - 09ª GRE - Eci Elaine Soares Brasileiro,Cidadã,ECI,Não,NÃO OFERTA,NÃO OFERTA,OFERTA,Bismarck e Kamila ,2018,3.8,4.9,5,5.1,5.2,,,,,,,,,,,"RUA JOANA FERREIRA DE SOUSA , 272 - CENTRO",58925-000,-6.717930438,-38.34040571,"-6.717930438,-38.34040571",16579,Sat Mar 17 2018 00:00:00 GMT-0300 (Brasilia Standard Time),38139,Fri Mar 16 2018 00:00:00 GMT-0300 (Brasilia Standard Time),https://auniao.pb.gov.br/servicos/doe/2018/marco/diario-oficial-17-03-2018.pdf,INSPEÇÃO,,NÃO,ATIVADO
25004999,09ª GRE,EEEF DE BANDARRA,SÃO JOÃO DO RIO DO PEIXE,25004999 - 09ª GRE - EEEF DE BANDARRA ,Cidadã,ECI,Não,NÃO OFERTA,NÃO OFERTA,OFERTA,Bismarck e Kamila ,2026,,,,,4.3,,,,,,4.2,,,,,"DISTRITO DE BANDARRA , 0 - ZONA RURAL",58910-000,-6.7223486,-38.4493628,"-6.7223486,-38.4493628",,,,,,RECONHECIDA,,NÃO,ATIVADO
25014412,10ª GRE,ECI EEM NESTORINA ABRANTES,LASTRO,25014412 - 10ª GRE - ECI EEM Nestorina Abrantes,Cidadã,ECI,Não,NÃO OFERTA,NÃO OFERTA,OFERTA,Bismarck e Kamila ,2020,,3.7,,4.1,4.4,,,,,,,,,,,"RUA PEDRO ABRANTES FERREIRA , 278 - CENTRO",58820-000,-6.5146896,-38.17779769,"-6.5146896,-38.17779769",17072,Tue Mar 10 2020 00:00:00 GMT-0300 (Brasilia Standard Time),40109,Mon Mar 09 2020 00:00:00 GMT-0300 (Brasilia Standard Time),https://auniao.pb.gov.br/servicos/doe/2020/marco/diario-oficial-10-03-2020.pdf,RECONHECIDA,,NÃO,ATIVADO
25014951,10ª GRE,ECIEEM FRANCISCO AUGUSTO CAMPOS,NAZAREZINHO,25014951 - 10ª GRE - ECIEEM Francisco Augusto Campos,Cidadã,ECI,Não,NÃO OFERTA,NÃO OFERTA,OFERTA,Bismarck e Kamila ,2021,2.8,3.3,3.7,4.4,4.5,,,,,,3.1,,,,,"RUA HERCULANO VIEIRA , S/N - FRANCISCO MENDES CAMPOS",58817-000,-6.919512754,-38.3248557,"-6.919512754,-38.3248557",17540,Tue Jan 25 2022 00:00:00 GMT-0300 (Brasilia Standard Time),42229,Mon Jan 24 2022 00:00:00 GMT-0300 (Brasilia Standard Time),https://auniao.pb.gov.br/servicos/doe/2022/janeiro/diario-oficial-25-01-2022.pdf,PROCESSO ABERTO,,NÃO,ATIVADO
25019597,10ª GRE,ECIEEM DORGIVAL SILVEIRA,SÃO FRANCISCO,25019597 - 10ª GRE - ECIEEM Dorgival Silveira,Cidadã,ECI,Não,NÃO OFERTA,NÃO OFERTA,OFERTA,Bismarck e Kamila ,2021,,3.7,4.4,4.2,5,,,,,,,,,,,"RUA FRANCISCO ANTONIO DA SILVEIRA , 110 - CENTRO",58818-000,-6.617758094,-38.09677968,"-6.617758094,-38.09677968",17540,Tue Jan 25 2022 00:00:00 GMT-0300 (Brasilia Standard Time),42229,Mon Jan 24 2022 00:00:00 GMT-0300 (Brasilia Standard Time),https://auniao.pb.gov.br/servicos/doe/2022/janeiro/diario-oficial-25-01-2022.pdf,RECONHECIDA,,NÃO,ATIVADO
25017438,10ª GRE,ECI EEEFM ANTONIO GREGORIO DE LACERDA,SÃO JOSÉ DA LAGOA TAPADA,25017438 - 10ª GRE - ECI EEEFM Antonio Gregorio de Lacerda,Cidadã,ECI,Não,NÃO OFERTA,NÃO OFERTA,OFERTA,Bismarck e Kamila ,2021,2.9,3.5,4.4,4.6,4,,,,,,4.7,4.1,,4.9,,"RUA ANTONIO GREGORIO DE LACERDA , S/N - SANHAUA",58815-000,-6.945522381,-38.1645671,"-6.945522381,-38.1645671",17540,Tue Jan 25 2022 00:00:00 GMT-0300 (Brasilia Standard Time),42229,Mon Jan 24 2022 00:00:00 GMT-0300 (Brasilia Standard Time),https://auniao.pb.gov.br/servicos/doe/2022/janeiro/diario-oficial-25-01-2022.pdf,RECONHECIDA,,NÃO,ATIVADO
25019740,10ª GRE,ECI EST EM MARIA MOREIRA PINTO,VIEIRÓPOLIS,25019740 - 10ª GRE - ECI EST EM Maria Moreira Pinto,Cidadã,ECI,Não,NÃO OFERTA,NÃO OFERTA,OFERTA,Bismarck e Kamila ,2021,4,4.1,,4.8,4.7,,,,,,,,,,,"RUA AGRIPINO FERNANDES DAS CHAGAS , S/N - CENTRO",58822-000,-6.545662731,-38.27686036,"-6.545662731,-38.27686036",17540,Tue Jan 25 2022 00:00:00 GMT-0300 (Brasilia Standard Time),42229,Mon Jan 24 2022 00:00:00 GMT-0300 (Brasilia Standard Time),https://auniao.pb.gov.br/servicos/doe/2022/janeiro/diario-oficial-25-01-2022.pdf,RECONHECIDA,,NÃO,ATIVADO
25018124,10ª GRE,EEEF BATISTA LEITE,SOUSA,25018124 - 10ª GRE - EEEF Batista Leite,Cidadã,ECI,Não,NÃO OFERTA,OFERTA,OFERTA,Bismarck e Kamila ,2026,,,,,,,,,,,3.8,4.3,5.2,4.4,5.3,"RUA LUIS PEREIRA DA SILVA , 22 - CENTRO",58800-040,-6.763123191,-38.23093925,"-6.763123191,-38.23093925",,,,,,RECONHECIDA,,NÃO,ATIVADO
25019228,10ª GRE,EEEFM ANTONIO TEODORO NETO,SOUSA,25019228 - 10ª GRE - EEEFM Antonio Teodoro Neto,Cidadã,ECI,Não,NÃO OFERTA,OFERTA,OFERTA,Bismarck e Kamila ,2026,,3.4,,4,3.9,3.7,4,4.3,,,2.9,2.8,,4,4.8,"RUA VEREADOR JOSE GONCALVES FORMIGA , S/N - SANTAREM",58808-470,-6.781754328,-38.24890535,"-6.781754328,-38.24890535",,,,,,RECONHECIDA,,NÃO,ATIVADO
25136119,10ª GRE,ECIS PEDRO PIRES DANTAS,SOUSA,25136119 - 10ª GRE - ECIS Pedro Pires Dantas,Cidadã,ECI Sócio,Não,OFERTA,OFERTA,OFERTA,Bismarck e Kamila ,2026,,,,,,,,,,,,,,,,"Rua Onofre Pinto de Oliveira, s/n, no bairro Jardim Brasília, CEP: 58.802-06",58.802-06,,,",",,,,,,RECONHECIDA,,NÃO,
25033204,11ª GRE,ECI EEM JOSE NOMINANDO,ÁGUA BRANCA,25033204 - 11ª GRE - Eci EEM Jose Nominando,Cidadã,ECI,Não,NÃO OFERTA,NÃO OFERTA,OFERTA,Euriclea,2020,3.8,3.8,4.6,4,4.6,,,,,,4,3.8,4,,,"RUA JOSE PEDRO FIRMINO , 41 - CENTRO",58748-000,-7.516510321,-37.63700064,"-7.516510321,-37.63700064",17072,Tue Mar 10 2020 00:00:00 GMT-0300 (Brasilia Standard Time),40109,Mon Mar 09 2020 00:00:00 GMT-0300 (Brasilia Standard Time),https://auniao.pb.gov.br/servicos/doe/2020/marco/diario-oficial-10-03-2020.pdf,RECONHECIDA,,NÃO,ATIVADO
25036297,11ª GRE,EEEIF PROFESSORA IRACEMA MARQUES DE LIMA,PRINCESA ISABEL,25036297 - 11ª GRE - EEEIF Professora Iracema Marques de Lima,Cidadã,ECI Anos Iniciais,Não,OFERTA,OFERTA,NÃO OFERTA,Euriclea,2026,,,,,,5.7,5.2,5.6,6,7.3,,4.2,4.5,4.7,4.9,"RUA PRESIDENTE SUASSUNA , 0 - CRUZEIRO",58755-000,-7.736376177,-37.98841335,"-7.736376177,-37.98841335",,,,,,RECONHECIDA,,NÃO,ATIVADO
25037137,11ª GRE,EEEFM DEP NOMINANDO MUNIZ DINIZ,SÃO JOSÉ DE PRINCESA,25037137 - 11ª GRE - EEEFM Dep Nominando Muniz Diniz,Cidadã,ECI,Não,NÃO OFERTA,OFERTA,OFERTA,Euriclea,2021,3.3,3.8,3.7,4.3,4.2,,,,,,3.3,3.2,4.6,5.4,5.3,"RUA DA BOA VISTA , S/N - CENTRO",58758-000,-7.742524951,-38.09883702,"-7.742524951,-38.09883702",17540,Tue Jan 25 2022 00:00:00 GMT-0300 (Brasilia Standard Time),42229,Mon Jan 24 2022 00:00:00 GMT-0300 (Brasilia Standard Time),https://auniao.pb.gov.br/servicos/doe/2022/janeiro/diario-oficial-25-01-2022.pdf,PROCESSO ABERTO,,NÃO,ATIVADO
25037226,11ª GRE,ECI ADRIANO FEITOSA,TAVARES,25037226 - 11ª GRE - Eci Adriano Feitosa,Cidadã,ECI,Não,NÃO OFERTA,NÃO OFERTA,OFERTA,Euriclea,2019,3.3,4.3,,,5.5,5.5,,,,,4.1,5.3,5,5.6,,"RUA SEVERINO CARLOS DE ANDRADE , 489 - CENTRO",58753-000,-7.635188547,-37.8769254,"-7.635188547,-37.8769254",16794,Thu Jan 24 2019 23:00:00 GMT-0300 (Brasilia Standard Time),38944,Wed Jan 23 2019 23:00:00 GMT-0300 (Brasilia Standard Time),https://auniao.pb.gov.br/servicos/doe/2019/janeiro/diario-oficial-25-01-2019.pdf,RECONHECIDA,,NÃO,ATIVADO
25080261,12ª GRE,ECI EEM MANOEL AVELINO PAIVA,CALDAS BRANDÃO,25080261 - 12ª GRE - Eci EEM Manoel Avelino Paiva,Cidadã,ECI,Não,NÃO OFERTA,NÃO OFERTA,OFERTA,Adriano,2020,,,,4.5,4.7,,,,,,,3.4,,,,"AVENIDA SENADOR RUY CARNEIRO , S/N - CENTRO",58350-000,-7.170442239,-35.32686287,"-7.170442239,-35.32686287",17072,Tue Mar 10 2020 00:00:00 GMT-0300 (Brasilia Standard Time),40109,Mon Mar 09 2020 00:00:00 GMT-0300 (Brasilia Standard Time),https://auniao.pb.gov.br/servicos/doe/2020/marco/diario-oficial-10-03-2020.pdf,RECONHECIDA,,NÃO,ATIVADO
25080407,12ª GRE,ECI JOÃO RIBEIRO,GURINHÉM,25080407 - 12ª GRE - ECI JOÃO RIBEIRO,Cidadã,ECI,Não,NÃO OFERTA,NÃO OFERTA,OFERTA,Adriano,2021,,3.1,,3.9,3.2,,4.1,,,,,3.9,,,,"RUA HUMBERTO LUCENA , S/N - CENTRO",58356-000,-7.1237029,-35.4247053,"-7.1237029,-35.4247053",17443,Tue Aug 31 2021 00:00:00 GMT-0300 (Brasilia Standard Time),41467,Mon Aug 30 2021 00:00:00 GMT-0300 (Brasilia Standard Time),https://auniao.pb.gov.br/servicos/doe/2021/agosto/diario-oficial-31-08-2021.pdf,PROCESSO ABERTO,,NÃO,ATIVADO
25081349,12ª GRE,EEEFM ADAUTO CABRAL DE VASCONCELOS,RIACHÃO DO BACAMARTE,25081349 - 12ª GRE - EEEFM Adauto Cabral de Vasconcelos,Cidadã,ECI,Não,NÃO OFERTA,NÃO OFERTA,OFERTA,Adriano,2021,,3.3,,3.8,3.8,,,,,,,2.9,,,,"RUA SENADOR CABRAL , 172 - CENTRO",58382-000,-7.263477887,-35.66688564,"-7.263477887,-35.66688564",17540,Tue Jan 25 2022 00:00:00 GMT-0300 (Brasilia Standard Time),42229,Mon Jan 24 2022 00:00:00 GMT-0300 (Brasilia Standard Time),https://auniao.pb.gov.br/servicos/doe/2022/janeiro/diario-oficial-25-01-2022.pdf,RECONHECIDA,,NÃO,ATIVADO
25089242,12ª GRE,ECIEEFM JOCELYN VELLOSO BORGES,SÃO JOSÉ DOS RAMOS,25089242 - 12ª GRE - ECIEEFM JOCELYN VELLOSO BORGES,Cidadã,ECI,Não,NÃO OFERTA,NÃO OFERTA,OFERTA,Adriano,2021,,,,3.7,3.7,,,,,,,,,,,"AV PIO GONCALVES CHAVES , SN - CENTRO",58339-000,-7.245000117,-35.37212869,"-7.245000117,-35.37212869",17487,Fri Nov 05 2021 00:00:00 GMT-0300 (Brasilia Standard Time),41819,Thu Nov 04 2021 00:00:00 GMT-0300 (Brasilia Standard Time),https://auniao.pb.gov.br/servicos/doe/2021/novembro/diario-oficial-05-11-2021.pdf,INSPEÇÃO,,NÃO,ATIVADO
25089552,12ª GRE,EEEFM MARIA LINS,SÃO MIGUEL DE TAIPU,25089552 - 12ª GRE - EEEFM Maria Lins,Cidadã,ECI,Não,NÃO OFERTA,NÃO OFERTA,OFERTA,Adriano,2021,3,,,3.8,4.4,3.4,,,,,,3.3,,,,"AV. EMILIA AUGUSTA , 25 - CENTRO",58334-000,-7.248648993,-35.20904356,"-7.248648993,-35.20904356",17443,Tue Aug 31 2021 00:00:00 GMT-0300 (Brasilia Standard Time),41467,Mon Aug 30 2021 00:00:00 GMT-0300 (Brasilia Standard Time),https://auniao.pb.gov.br/servicos/doe/2021/agosto/diario-oficial-31-08-2021.pdf,PROCESSO ABERTO,,NÃO,ATIVADO
25016059,13ª GRE,EEEFM MARIA SOLEDADE ASSIS FREITAS,CAJAZEIRINHAS,25016059 - 13ª GRE - EEEFM MARIA SOLEDADE ASSIS FREITAS,Cidadã,ECI,Não,NÃO OFERTA,NÃO OFERTA,OFERTA,Bismarck e Kamila ,2021,3.9,4.4,,4.2,4.4,,,,,,,,,,,"RUA ANTONIO CEZARIO DA SILVA , S/N - CENTRO",58855-000,-6.962466213,-37.80550372,"-6.962466213,-37.80550372",17541,Wed Jan 26 2022 00:00:00 GMT-0300 (Brasilia Standard Time),42230,Tue Jan 25 2022 00:00:00 GMT-0300 (Brasilia Standard Time),https://auniao.pb.gov.br/servicos/doe/2022/janeiro/diario-oficial-26-01-2022.pdf,RECONHECIDA,,NÃO,ATIVADO
25016105,13ª GRE,ECI DEPUTADO LEVI OLÍMPIO FERREIRA,SÃO BENTINHO,25016105 - 13ª GRE - ECI Deputado Levi Olímpio Ferreira,Cidadã,ECI,Não,NÃO OFERTA,NÃO OFERTA,OFERTA,Bismarck e Kamila ,2020,3.7,4,4.6,4.5,4.5,,,,,,3.4,,,,,"RUA ERNANE ROQUE DE ARRUDA , S/N - CENTRO",58857-000,-6.889344824,-37.72782798,"-6.889344824,-37.72782798",17072,Tue Mar 10 2020 00:00:00 GMT-0300 (Brasilia Standard Time),40109,Mon Mar 09 2020 00:00:00 GMT-0300 (Brasilia Standard Time),https://auniao.pb.gov.br/servicos/doe/2020/marco/diario-oficial-10-03-2020.pdf,RECONHECIDA,,NÃO,ATIVADO
25016032,13ª GRE,EEEF AMELIA MARIA DA LUZ,POMBAL,25016032 - 13ª GRE - EEEF Amelia Maria da Luz,Cidadã,ECI Quilombola,Não,NÃO OFERTA,OFERTA,OFERTA,Bismarck e Kamila ,2026,,,,,4.3,,,,,,,,,3.3,3.9,"TRAVESSA CEL. JOSE AVELINO , S/N - PETROPOLIS",58840-000,-6.772278764,-37.79340981,"-6.772278764,-37.79340981",,,,,,RECONHECIDA,,NÃO,ATIVADO
25015885,13ª GRE,EEEFM JOÃO DA MATA,POMBAL,25015885 - 13ª GRE - EEEFM João da Mata,Cidadã,ECI,Não,NÃO OFERTA,NÃO OFERTA,OFERTA,Bismarck e Kamila ,2026,,3.7,,4,3.9,,,,,,,4.8,,3.6,,"PRACA DOUTOR JOSE FERREIRA DE QUEIROGA , S/N - CENTRO",58840-000,-6.769657,-37.802674,"-6.769657,-37.802674",,,,,,RECONHECIDA,,NÃO,ATIVADO
25014226,13ª GRE,ESCOLA CIDADÃ INTEGRAL ESTADUAL DE ENSINO MÉDIO MANOEL MEDEIROS DE ARAÚJO,VISTA SERRANA,25014226 - 13ª GRE - Escola Cidadã Integral Estadual de Ensino Médio Manoel Medeiros de Araújo,Cidadã,ECI,Não,NÃO OFERTA,NÃO OFERTA,OFERTA,Bismarck e Kamila ,2021,3.7,3.9,,4.9,4.9,,,,,,4.5,4.3,,,,"RUA JOAO FRANCISCO FILHO , 190 - CENTRO",58710-000,-6.73791,-37.5683,"-6.73791,-37.5683",17541,Wed Jan 26 2022 00:00:00 GMT-0300 (Brasilia Standard Time),42230,Tue Jan 25 2022 00:00:00 GMT-0300 (Brasilia Standard Time),https://auniao.pb.gov.br/servicos/doe/2022/janeiro/diario-oficial-26-01-2022.pdf,VOLTOU PARA O CONSELHO,,NÃO,ATIVADO
25087355,14ª GRE,ECI EEM PROFESSOR RENATO FONSECA FILHO,CUITÉ DE MAMANGUAPE,25087355 - 14ª GRE - Eci EEM Professor Renato Fonseca Filho,Cidadã,ECI,Não,NÃO OFERTA,NÃO OFERTA,OFERTA,Adriano,2020,,2.8,,3.8,3.8,,,,,,,,,,,"AVENIDA SEVERINO JORGE DE SENA , 980 - 0",58289-000,-6.916220181,-35.12199697,"-6.916220181,-35.12199697",17072,Tue Mar 10 2020 00:00:00 GMT-0300 (Brasilia Standard Time),40109,Mon Mar 09 2020 00:00:00 GMT-0300 (Brasilia Standard Time),https://auniao.pb.gov.br/servicos/doe/2020/marco/diario-oficial-10-03-2020.pdf,RECONHECIDA,,NÃO,ATIVADO
25087657,14ª GRE,EEEF ANTONIO PINTO BARBALHO,MAMANGUAPE,25087657 - 14ª GRE - EEEF Antonio Pinto Barbalho,Cidadã,ECI,Não,NÃO OFERTA,OFERTA,NÃO OFERTA,Adriano,2026,,,,,,,,,,,3.2,3.7,,2.9,3.8,"RUA PRINCIPAL , S/N - PITANGA",58286-000,-6.601107652,-35.144377,"-6.601107652,-35.144377",,,,,,RECONHECIDA,,NÃO,ATIVADO
25122533,14ª GRE,ECI EEFM DOUTOR GUSTAVO FERNANDES DE LIMA SOBRINHO,MAMANGUAPE,25122533 - 14ª GRE - Eci EEFM Doutor Gustavo Fernandes de Lima Sobrinho,Cidadã,ECI,Não,NÃO OFERTA,OFERTA,OFERTA,Adriano,2020,,2.6,,,,,,,,,3.1,,4,4.1,4.2,"RUA BENEDITO JOEL CORDEIRO , S/N - AREAL",58280-000,-6.8487568,-35.138822,"-6.8487568,-35.138822",17072,Tue Mar 10 2020 00:00:00 GMT-0300 (Brasilia Standard Time),40109,Mon Mar 09 2020 00:00:00 GMT-0300 (Brasilia Standard Time),https://auniao.pb.gov.br/servicos/doe/2020/marco/diario-oficial-10-03-2020.pdf,RECONHECIDA,,NÃO,ATIVADO
25086901,14ª GRE,ESCOLA CIDADÃ INTEGRAL E.E.F.M SENADOR RUI CARNEIRO,MAMANGUAPE,25086901 - 14ª GRE - Escola Cidadã Integral E.E.F.M Senador Rui Carneiro,Cidadã,ECI,Sim,NÃO OFERTA,NÃO OFERTA,OFERTA,Adriano,2017,,3.2,4.5,4.2,4.7,,,,,,,,,,,"AVENIDA SENADOR RUI CARNEIRO , 55 - CAMPO",58280-000,-6.838001813,-35.13686816,"-6.838001813,-35.13686816",16579,Sat Mar 17 2018 00:00:00 GMT-0300 (Brasilia Standard Time),38139,Fri Mar 16 2018 00:00:00 GMT-0300 (Brasilia Standard Time),https://auniao.pb.gov.br/servicos/doe/2018/marco/diario-oficial-17-03-2018.pdf,RECONHECIDA,,NÃO,ATIVADO
25088068,14ª GRE,ECI E.I.E.I.E.F.M ÍNDIO ANTONIO SINÉSIO DA SILVA,MARCAÇÃO,25088068 - 14ª GRE - ECI E.I.E.I.E.F.M Índio Antonio Sinésio da Silva,Cidadã,ECI indígena,Não,OFERTA,OFERTA,OFERTA,Adriano,2021,,,,,3.5,,2.7,4.6,4.5,4.2,,,,,4.6,"ALDEIA BREJINHO , S/N - ZONA RURAL",58294-000,-6.766247244,-35.01618568,"-6.766247244,-35.01618568",17541,Wed Jan 26 2022 00:00:00 GMT-0300 (Brasilia Standard Time),42230,Tue Jan 25 2022 00:00:00 GMT-0300 (Brasilia Standard Time),https://auniao.pb.gov.br/servicos/doe/2022/janeiro/diario-oficial-26-01-2022.pdf,RECONHECIDA,,NÃO,ATIVADO
25087738,14ª GRE,ESCOLA CIDADÃ INTEGRAL DE ENSINO FUNDAMENTAL E MÉDIO PEDRO POTI,MATARACA,25087738 - 14ª GRE - Escola Cidadã Integral de Ensino Fundamental e Médio Pedro Poti,Cidadã,ECI,Não,NÃO OFERTA,NÃO OFERTA,OFERTA,Adriano,2021,,,,3.6,4.1,5.5,,,,,,4,,,,"AV. DR. CARLOS PESSOA DE MELO , S/N - PLANALTO I",58292-000,-6.590444531,-35.06336242,"-6.590444531,-35.06336242",17541,Wed Jan 26 2022 00:00:00 GMT-0300 (Brasilia Standard Time),42230,Tue Jan 25 2022 00:00:00 GMT-0300 (Brasilia Standard Time),https://auniao.pb.gov.br/servicos/doe/2022/janeiro/diario-oficial-26-01-2022.pdf,INSPEÇÃO,,NÃO,ATIVADO
25086324,14ª GRE,ECIEEFM MARGARIDA DIAS,PEDRO RÉGIS,25086324 - 14ª GRE - ECIEEFM Margarida Dias,Cidadã,ECI,Não,NÃO OFERTA,NÃO OFERTA,OFERTA,Adriano,2021,3.3,,,4,4.4,,4.7,,,,,3.5,,,,"AV SENADOR RUY CARNEIRO , 193 - CENTRO",58273-000,-6.654827362,-35.26067736,"-6.654827362,-35.26067736",17487,Fri Nov 05 2021 00:00:00 GMT-0300 (Brasilia Standard Time),41819,Thu Nov 04 2021 00:00:00 GMT-0300 (Brasilia Standard Time),https://auniao.pb.gov.br/servicos/doe/2021/novembro/diario-oficial-05-11-2021.pdf,RECONHECIDA,,NÃO,ATIVADO
25052497,15ª GRE,EECI ALMIRANTE ANTÔNIO HERÁCLITO DO RÊGO,BARRA DE SANTANA,25052497 - 15ª GRE - EECI Almirante Antônio Heráclito do Rêgo,Cidadã,ECI,Não,NÃO OFERTA,NÃO OFERTA,OFERTA,Rubens,2021,3.3,3.5,,3.8,4,,,,,,,,,,,"RUA ELVIRA AMORIM , S/N - CENTRO",58458-000,-7.524604955,-35.99816164,"-7.524604955,-35.99816164",17487,Fri Nov 05 2021 00:00:00 GMT-0300 (Brasilia Standard Time),41819,Thu Nov 04 2021 00:00:00 GMT-0300 (Brasilia Standard Time),https://auniao.pb.gov.br/servicos/doe/2021/novembro/diario-oficial-05-11-2021.pdf,RECONHECIDA,,NÃO,ATIVADO
25051296,15ª GRE,EECI MELQUÍADES TEJO,BARRA DE SÃO MIGUEL,25051296 - 15ª GRE - EECI Melquíades Tejo,Cidadã,ECI,Não,NÃO OFERTA,NÃO OFERTA,OFERTA,Rubens,2021,2.8,3.5,,,4.4,,,,,,,,,,,"RUA TENENTE PEDROSA , 161 - CENTRO",58483-000,-7.7510164,-36.3168015,"-7.7510164,-36.3168015",17487,Fri Nov 05 2021 00:00:00 GMT-0300 (Brasilia Standard Time),41819,Thu Nov 04 2021 00:00:00 GMT-0300 (Brasilia Standard Time),https://auniao.pb.gov.br/servicos/doe/2021/novembro/diario-oficial-05-11-2021.pdf,RECONHECIDA,,NÃO,ATIVADO
25052802,15ª GRE,EECI FELIX ARAUJO,FAGUNDES,25052802 - 15ª GRE - EECI Felix Araujo,Cidadã,ECI,Não,NÃO OFERTA,NÃO OFERTA,OFERTA,Rubens,2021,3,3.4,,4.1,4.5,,,,,,,,,,,"RUA JOAO QUEIROGA , SN - CENTRO",58455-000,-7.4182891,-36.0206171,"-7.4182891,-36.0206171",17535,Tue Jan 18 2022 00:00:00 GMT-0300 (Brasilia Standard Time),42222,Mon Jan 17 2022 00:00:00 GMT-0300 (Brasilia Standard Time),https://auniao.pb.gov.br/servicos/doe/2022/janeiro/diario-oficial-18-01-2022.pdf ,VOLTOU PARA O CONSELHO,,NÃO,ATIVADO
25077147,15ª GRE,EECI JOANA EMÍLIA DA SILVA,,25077147 - 15ª GRE - EECI Joana Emília da Silva,Cidadã,ECI,Não,NÃO OFERTA,NÃO OFERTA,OFERTA,Rubens,2020,,3.3,,3.5,4.1,,,,,,3.8,3.9,,,,"AV IRINEU BEZERRA , SN - CENTRO",58487-000,-7.3596291,-35.7830178,"-7.3596291,-35.7830178",17072,Tue Mar 10 2020 00:00:00 GMT-0300 (Brasilia Standard Time),40109,Mon Mar 09 2020 00:00:00 GMT-0300 (Brasilia Standard Time),https://auniao.pb.gov.br/servicos/doe/2020/marco/diario-oficial-10-03-2020.pdf,INSPEÇÃO,,NÃO,ATIVADO
25084445,15ª GRE,EECI JOAO DA SILVA MONTEIRO,GADO BRAVO,25084445 - 15ª GRE - EECI Joao da Silva Monteiro,Cidadã,ECI,Não,NÃO OFERTA,NÃO OFERTA,OFERTA,Rubens,2021,2.8,4,,4.2,3.9,,,,,,,,,,,"RUA JOSE PEREIRA DE AGUIAR , S/N - CENTRO",58492-000,-7.5825274,-35.8002944,"-7.5825274,-35.8002944",17535,Tue Jan 18 2022 00:00:00 GMT-0300 (Brasilia Standard Time),42222,Mon Jan 17 2022 00:00:00 GMT-0300 (Brasilia Standard Time),https://auniao.pb.gov.br/servicos/doe/2022/janeiro/diario-oficial-18-01-2022.pdf ,RECONHECIDA,,NÃO,NÃO ATIVADO
25051660,15ª GRE,ECI ANA FERREIRA DA COSTA,RIACHO DE SANTO ANTÔNIO,25051660 - 15ª GRE - ECI Ana Ferreira da Costa,Cidadã,ECI,Não,NÃO OFERTA,NÃO OFERTA,OFERTA,Rubens,2021,3.6,4.6,,,4.5,,,,,,,,,,,"PRACA SANTO ANTONIO , 80 - CENTRO",58465-000,-7.6941958,-36.1562635,"-7.6941958,-36.1562635",17535,Tue Jan 18 2022 00:00:00 GMT-0300 (Brasilia Standard Time),42222,Mon Jan 17 2022 00:00:00 GMT-0300 (Brasilia Standard Time),https://auniao.pb.gov.br/servicos/doe/2022/janeiro/diario-oficial-18-01-2022.pdf ,RECONHECIDA,,NÃO,ATIVADO
25084992,15ª GRE,ECIT ANTONIO FRANCISCO GOMES,SANTA CECÍLIA,25084992 - 15ª GRE - ECIT ANTONIO FRANCISCO GOMES,Cidadã,ECI,Não,NÃO OFERTA,NÃO OFERTA,OFERTA,Rubens,2020,2.4,2.9,3.7,4.2,4.3,,,,,,,,,,,"PRACA PREFEITO ANTONIO GOMES , SN - CENTRO",58463-000,-7.744069164,-35.87866579,"-7.744069164,-35.87866579",17072,Tue Mar 10 2020 00:00:00 GMT-0300 (Brasilia Standard Time),40109,Mon Mar 09 2020 00:00:00 GMT-0300 (Brasilia Standard Time),https://auniao.pb.gov.br/servicos/doe/2020/marco/diario-oficial-10-03-2020.pdf,RECONHECIDA,,NÃO,ATIVADO
25053493,15ª GRE,EECIT FRANCISCO DEODATO DO NASCIMENTO,SÃO DOMINGOS DO CARIRI,25053493 - 15ª GRE - EECIT Francisco Deodato do Nascimento,Cidadã,ECI,Não,NÃO OFERTA,NÃO OFERTA,OFERTA,Rubens,2020,4.5,4.8,,4.8,5,,,,,,5,4.6,,,,"AVENIDA AUGUSTO FERNANDES DE OLIVEIRA , S/N - CRUZEIRO",58485-000,-7.6317883,-36.436581,"-7.6317883,-36.436581",17072,Tue Mar 10 2020 00:00:00 GMT-0300 (Brasilia Standard Time),40109,Mon Mar 09 2020 00:00:00 GMT-0300 (Brasilia Standard Time),https://auniao.pb.gov.br/servicos/doe/2020/marco/diario-oficial-10-03-2020.pdf,RECONHECIDA,,NÃO,ATIVADO
25117700,15ª GRE,EEEFM SEVERINO BARBOSA CAMELO,BOQUEIRÃO,25117700 - 15ª GRE - EEEFM Severino Barbosa Camelo,Cidadã,ECI,Não,NÃO OFERTA,OFERTA,OFERTA,Rubens,2026,,,,,3.9,3.6,3.6,,,,4,,,2.9,3.3,"PROJETADA , S/N - MALVINAS",58450-000,-7.475389,-36.1307625,"-7.475389,-36.1307625",,,,,,RECONHECIDA,,NÃO,ATIVADO
25090984,16ª GRE,ECI EEFM JOAO CAETANO,BAYEUX,25090984 - 16ª GRE - Eci EEFM Joao Caetano,Cidadã,ECI,Não,NÃO OFERTA,NÃO OFERTA,OFERTA,Eudes e Nando,2020,,,,,4.3,,,,,,,,,,,"RUA PASTOR ANTONIO PETRONILO DOS SANTOS , 322 - JARDIM AEROPORTO",58308-230,-7.1376982,-34.9376554,"-7.1376982,-34.9376554",17072,Tue Mar 10 2020 00:00:00 GMT-0300 (Brasilia Standard Time),40109,Mon Mar 09 2020 00:00:00 GMT-0300 (Brasilia Standard Time),https://auniao.pb.gov.br/servicos/doe/2020/marco/diario-oficial-10-03-2020.pdf,FALTA ACESSIBILIDADE,,NÃO,ATIVADO
25090909,16ª GRE,ECI IRINEU PINTO,BAYEUX,25090909 - 16ª GRE - Eci Irineu Pinto,Cidadã,ECI,Sim,NÃO OFERTA,OFERTA,OFERTA,Eudes e Nando,2017,3.8,3.4,,,2.7,,,,,,,,,,,"RUA JOAO XXII , S/N - SESI",58306-010,-7.1233078,-34.9162354,"-7.1233078,-34.9162354",16579,Sat Mar 17 2018 00:00:00 GMT-0300 (Brasilia Standard Time),38139,Fri Mar 16 2018 00:00:00 GMT-0300 (Brasilia Standard Time),https://auniao.pb.gov.br/servicos/doe/2018/marco/diario-oficial-17-03-2018.pdf,FALTA ACESSIBILIDADE,,NÃO,NÃO ATIVADO
25091565,16ª GRE,EEEF AUGUSTO SEVERO,CABEDELO,25091565 - 16ª GRE - EEEF Augusto Severo,Cidadã,ECI Anos Iniciais,Não,OFERTA,NÃO OFERTA,NÃO OFERTA,Eudes e Nando,2026,,,,,,,,,,,,,,,,"RUA GENERAL JOSE ARAKEM RODRIGUES , 278 - JACARE",58105-770,-7.0360619,-34.8541359,"-7.0360619,-34.8541359",,,,,,RECONHECIDA,,NÃO,ATIVADO
25091638,16ª GRE,ECI IMACULADA CONCEIÇÃO,CABEDELO,25091638 - 16ª GRE - ECI Imaculada Conceição,Cidadã,ECI,Sim,NÃO OFERTA,OFERTA,OFERTA,Eudes e Nando,2019,,,,4.1,5.1,,,,,,2.2,3.6,,,5.2,"RUA MARIZEIRO , S/N - PORTAL DO POCO",58106-106,-7.0299485,-34.8466598,"-7.0299485,-34.8466598",16794,Thu Jan 24 2019 23:00:00 GMT-0300 (Brasilia Standard Time),38944,Wed Jan 23 2019 23:00:00 GMT-0300 (Brasilia Standard Time),https://auniao.pb.gov.br/servicos/doe/2019/janeiro/diario-oficial-25-01-2019.pdf,RECONHECIDA,,NÃO,NÃO ATIVADO
25088963,16ª GRE,EEEIEF AUGUSTO DOS ANJOS,MARI,25088963 - 16ª GRE - EEEIEF Augusto dos Anjos,Cidadã,ECI,Não,NÃO OFERTA,NÃO OFERTA,OFERTA,Eudes e Nando,2026,,3.1,,3.2,3.3,4.3,,,,,,,,,,"RUA ANTONIO DE LUNA FREIRE , 374 - CENTRO",58345-000,-7.049994711,-35.31114824,"-7.049994711,-35.31114824",,,,,,RECONHECIDA,,NÃO,ATIVADO
25099256,16ª GRE,ECI EEFM MARIA DE LOURDES ARAUJO,SANTA RITA,25099256 - 16ª GRE - Eci EEFM Maria de Lourdes Araujo,Cidadã,ECI,Não,NÃO OFERTA,NÃO OFERTA,OFERTA,Eudes e Nando,2020,,,,3.4,3.5,,,,,,3.5,4.5,,,,"AV. JOAO PESSOA , 188 - TIBIRI II",58302-000,-7.146006481,-34.96260235,"-7.146006481,-34.96260235",17072,Tue Mar 10 2020 00:00:00 GMT-0300 (Brasilia Standard Time),40109,Mon Mar 09 2020 00:00:00 GMT-0300 (Brasilia Standard Time),https://auniao.pb.gov.br/servicos/doe/2020/marco/diario-oficial-10-03-2020.pdf,RECONHECIDA,,NÃO,ATIVADO
25128418,16ª GRE,ECI HELITON SANTANA,SANTA RITA,25128418 - 16ª GRE - Eci Heliton Santana,Cidadã,ECI,Não,NÃO OFERTA,NÃO OFERTA,OFERTA,Eudes e Nando,2016,,,,3.7,4.1,,,,,,,,,,,"RUA VEREADOR MAILTON WELLINGTON , SN - NOVA TRINDADE",58300-970,-7.163508,-34.975335,"-7.163508,-34.975335",16579,Sat Mar 17 2018 00:00:00 GMT-0300 (Brasilia Standard Time),38139,Fri Mar 16 2018 00:00:00 GMT-0300 (Brasilia Standard Time),https://auniao.pb.gov.br/servicos/doe/2018/marco/diario-oficial-17-03-2018.pdf,INSPEÇÃO,,NÃO,ATIVADO
25089811,16ª GRE,ECI ANNE SONALY DE PONTES( FAZENDA BURACAO),SAPÉ,25089811 - 16ª GRE - ECI ANNE SONALY DE PONTES( Fazenda Buracao),Cidadã,ECI,Não,NÃO OFERTA,OFERTA,OFERTA,Eudes e Nando,2026,,,,,,,,,,,,2.9,3.5,,,"FAZENDA BURACAO , S/N - SITIO",58340-000,-7.092647863,-35.22643816,"-7.092647863,-35.22643816",,,,,,RECONHECIDA,,NÃO,ATIVADO
25090135,16ª GRE,ECI CASSIANO RIBEIRO COUTINHO,SAPÉ,25090135 - 16ª GRE - Eci Cassiano Ribeiro Coutinho,Cidadã,ECI,Não,NÃO OFERTA,OFERTA,OFERTA,Eudes e Nando,2020,3,3.7,,4.1,3.4,,,,,,,,,,,"RUA MANOEL MOREIRA DA SILVA , 135 - CENTRO",58340-000,-7.047775675,-35.17345917,"-7.047775675,-35.17345917",17072,Tue Mar 10 2020 00:00:00 GMT-0300 (Brasilia Standard Time),40109,Mon Mar 09 2020 00:00:00 GMT-0300 (Brasilia Standard Time),https://auniao.pb.gov.br/servicos/doe/2020/marco/diario-oficial-10-03-2020.pdf,RECONHECIDA,,NÃO,ATIVADO
25122401,16ª GRE,EEEFM SEVERINA RAMOS DE OLIVEIRA,SOBRADO,25122401 - 16ª GRE - EEEFM Severina Ramos de Oliveira,Cidadã,ECI,Não,NÃO OFERTA,NÃO OFERTA,OFERTA,Eudes e Nando,2021,,3,,4,3.9,,,,,,,,,,,"RUA JOAO PEDRO TEIXEIRA , 0 - CONJUNTO PAULO ROLIM",58342-000,-7.14321,-35.23722,"-7.14321,-35.23722",17506,Fri Dec 03 2021 00:00:00 GMT-0300 (Brasilia Standard Time),41992,Thu Dec 02 2021 00:00:00 GMT-0300 (Brasilia Standard Time),https://auniao.pb.gov.br/servicos/doe/2021/dezembro/diario-oficial-03-12-2021.pdf,FALTA ACESSIBILIDADE,,NÃO,ATIVADO
,,,,,,,,,,,,,,,,,,,,,,,,,,,,,,,,,,,,,,,,,
,,,,,,,,,,,,,,,,,,,,,,,,,,,,,,,,,,,,,,,,,
,,,,,,,,,,,,,,,,,,,,,,,,,,,,,,,,,,,,,,,,,
,,,,,,,,,,,,,,,,,,,,,,,,,,,,,,,,,,,,,,,,,
,,,,,,,,,,,,,,,,,,,,,,,,,,,,,,,,,,,,,,,,,
,,,,,,,,,,,,,,,,,,,,,,,,,,,,,,,,,,,,,,,,,
,,,,,,,,,,,,,,,,,,,,,,,,,,,,,,,,,,,,,,,,,
,,,,,,,,,,,,,,,,,,,,,,,,,,,,,,,,,,,,,,,,,
,,,,,,,,,,,,,,,,,,,,,,,,,,,,,,,,,,,,,,,,,
,,,,,,,,,,,,,,,,,,,,,,,,,,,,,,,,,,,,,,,,,
,,,,,,,,,,,,,,,,,,,,,,,,,,,,,,,,,,,,,,,,,
,,,,,,,,,,,,,,,,,,,,,,,,,,,,,,,,,,,,,,,,,
,,,,,,,,,,,,,,,,,,,,,,,,,,,,,,,,,,,,,,,,,
,,,,,,,,,,,,,,,,,,,,,,,,,,,,,,,,,,,,,,,,,
,,,,,,,,,,,,,,,,,,,,,,,,,,,,,,,,,,,,,,,,,
,,,,,,,,,,,,,,,,,,,,,,,,,,,,,,,,,,,,,,,,,
,,,,,,,,,,,,,,,,,,,,,,,,,,,,,,,,,,,,,,,,,
,,,,,,,,,,,,,,,,,,,,,,,,,,,,,,,,,,,,,,,,,
,,,,,,,,,,,,,,,,,,,,,,,,,,,,,,,,,,,,,,,,,
,,,,,,,,,,,,,,,,,,,,,,,,,,,,,,,,,,,,,,,,,
,,,,,,,,,,,,,,,,,,,,,,,,,,,,,,,,,,,,,,,,,
,,,,,,,,,,,,,,,,,,,,,,,,,,,,,,,,,,,,,,,,,
,,,,,,,,,,,,,,,,,,,,,,,,,,,,,,,,,,,,,,,,,
,,,,,,,,,,,,,,,,,,,,,,,,,,,,,,,,,,,,,,,,,
,,,,,,,,,,,,,,,,,,,,,,,,,,,,,,,,,,,,,,,,,
,,,,,,,,,,,,,,,,,,,,,,,,,,,,,,,,,,,,,,,,,
,,,,,,,,,,,,,,,,,,,,,,,,,,,,,,,,,,,,,,,,,
,,,,,,,,,,,,,,,,,,,,,,,,,,,,,,,,,,,,,,,,,
,,,,,,,,,,,,,,,,,,,,,,,,,,,,,,,,,,,,,,,,,
,,,,,,,,,,,,,,,,,,,,,,,,,,,,,,,,,,,,,,,,,
,,,,,,,,,,,,,,,,,,,,,,,,,,,,,,,,,,,,,,,,,
,,,,,,,,,,,,,,,,,,,,,,,,,,,,,,,,,,,,,,,,,
,,,,,,,,,,,,,,,,,,,,,,,,,,,,,,,,,,,,,,,,,
,,,,,,,,,,,,,,,,,,,,,,,,,,,,,,,,,,,,,,,,,
,,,,,,,,,,,,,,,,,,,,,,,,,,,,,,,,,,,,,,,,,
,,,,,,,,,,,,,,,,,,,,,,,,,,,,,,,,,,,,,,,,,
,,,,,,,,,,,,,,,,,,,,,,,,,,,,,,,,,,,,,,,,,
,,,,,,,,,,,,,,,,,,,,,,,,,,,,,,,,,,,,,,,,,
,,,,,,,,,,,,,,,,,,,,,,,,,,,,,,,,,,,,,,,,,
,,,,,,,,,,,,,,,,,,,,,,,,,,,,,,,,,,,,,,,,,
,,,,,,,,,,,,,,,,,,,,,,,,,,,,,,,,,,,,,,,,,
,,,,,,,,,,,,,,,,,,,,,,,,,,,,,,,,,,,,,,,,,
,,,,,,,,,,,,,,,,,,,,,,,,,,,,,,,,,,,,,,,,,
,,,,,,,,,,,,,,,,,,,,,,,,,,,,,,,,,,,,,,,,,
,,,,,,,,,,,,,,,,,,,,,,,,,,,,,,,,,,,,,,,,,
,,,,,,,,,,,,,,,,,,,,,,,,,,,,,,,,,,,,,,,,,
,,,,,,,,,,,,,,,,,,,,,,,,,,,,,,,,,,,,,,,,,
,,,,,,,,,,,,,,,,,,,,,,,,,,,,,,,,,,,,,,,,,
,,,,,,,,,,,,,,,,,,,,,,,,,,,,,,,,,,,,,,,,,
,,,,,,,,,,,,,,,,,,,,,,,,,,,,,,,,,,,,,,,,,
,,,,,,,,,,,,,,,,,,,,,,,,,,,,,,,,,,,,,,,,,
,,,,,,,,,,,,,,,,,,,,,,,,,,,,,,,,,,,,,,,,,
,,,,,,,,,,,,,,,,,,,,,,,,,,,,,,,,,,,,,,,,,
,,,,,,,,,,,,,,,,,,,,,,,,,,,,,,,,,,,,,,,,,
,,,,,,,,,,,,,,,,,,,,,,,,,,,,,,,,,,,,,,,,,
,,,,,,,,,,,,,,,,,,,,,,,,,,,,,,,,,,,,,,,,,
,,,,,,,,,,,,,,,,,,,,,,,,,,,,,,,,,,,,,,,,,
,,,,,,,,,,,,,,,,,,,,,,,,,,,,,,,,,,,,,,,,,
,,,,,,,,,,,,,,,,,,,,,,,,,,,,,,,,,,,,,,,,,
,,,,,,,,,,,,,,,,,,,,,,,,,,,,,,,,,,,,,,,,,
,,,,,,,,,,,,,,,,,,,,,,,,,,,,,,,,,,,,,,,,,
,,,,,,,,,,,,,,,,,,,,,,,,,,,,,,,,,,,,,,,,,
,,,,,,,,,,,,,,,,,,,,,,,,,,,,,,,,,,,,,,,,,
,,,,,,,,,,,,,,,,,,,,,,,,,,,,,,,,,,,,,,,,,
,,,,,,,,,,,,,,,,,,,,,,,,,,,,,,,,,,,,,,,,,
,,,,,,,,,,,,,,,,,,,,,,,,,,,,,,,,,,,,,,,,,
,,,,,,,,,,,,,,,,,,,,,,,,,,,,,,,,,,,,,,,,,
,,,,,,,,,,,,,,,,,,,,,,,,,,,,,,,,,,,,,,,,,
,,,,,,,,,,,,,,,,,,,,,,,,,,,,,,,,,,,,,,,,,
,,,,,,,,,,,,,,,,,,,,,,,,,,,,,,,,,,,,,,,,,
,,,,,,,,,,,,,,,,,,,,,,,,,,,,,,,,,,,,,,,,,
,,,,,,,,,,,,,,,,,,,,,,,,,,,,,,,,,,,,,,,,,
,,,,,,,,,,,,,,,,,,,,,,,,,,,,,,,,,,,,,,,,,
,,,,,,,,,,,,,,,,,,,,,,,,,,,,,,,,,,,,,,,,,
,,,,,,,,,,,,,,,,,,,,,,,,,,,,,,,,,,,,,,,,,
,,,,,,,,,,,,,,,,,,,,,,,,,,,,,,,,,,,,,,,,,
,,,,,,,,,,,,,,,,,,,,,,,,,,,,,,,,,,,,,,,,,
,,,,,,,,,,,,,,,,,,,,,,,,,,,,,,,,,,,,,,,,,
,,,,,,,,,,,,,,,,,,,,,,,,,,,,,,,,,,,,,,,,,
,,,,,,,,,,,,,,,,,,,,,,,,,,,,,,,,,,,,,,,,,
,,,,,,,,,,,,,,,,,,,,,,,,,,,,,,,,,,,,,,,,,
,,,,,,,,,,,,,,,,,,,,,,,,,,,,,,,,,,,,,,,,,
,,,,,,,,,,,,,,,,,,,,,,,,,,,,,,,,,,,,,,,,,
,,,,,,,,,,,,,,,,,,,,,,,,,,,,,,,,,,,,,,,,,
,,,,,,,,,,,,,,,,,,,,,,,,,,,,,,,,,,,,,,,,,
,,,,,,,,,,,,,,,,,,,,,,,,,,,,,,,,,,,,,,,,,
,,,,,,,,,,,,,,,,,,,,,,,,,,,,,,,,,,,,,,,,,
,,,,,,,,,,,,,,,,,,,,,,,,,,,,,,,,,,,,,,,,,
,,,,,,,,,,,,,,,,,,,,,,,,,,,,,,,,,,,,,,,,,
,,,,,,,,,,,,,,,,,,,,,,,,,,,,,,,,,,,,,,,,,
,,,,,,,,,,,,,,,,,,,,,,,,,,,,,,,,,,,,,,,,,
,,,,,,,,,,,,,,,,,,,,,,,,,,,,,,,,,,,,,,,,,
,,,,,,,,,,,,,,,,,,,,,,,,,,,,,,,,,,,,,,,,,
,,,,,,,,,,,,,,,,,,,,,,,,,,,,,,,,,,,,,,,,,
,,,,,,,,,,,,,,,,,,,,,,,,,,,,,,,,,,,,,,,,,
,,,,,,,,,,,,,,,,,,,,,,,,,,,,,,,,,,,,,,,,,
,,,,,,,,,,,,,,,,,,,,,,,,,,,,,,,,,,,,,,,,,
,,,,,,,,,,,,,,,,,,,,,,,,,,,,,,,,,,,,,,,,,
,,,,,,,,,,,,,,,,,,,,,,,,,,,,,,,,,,,,,,,,,
,,,,,,,,,,,,,,,,,,,,,,,,,,,,,,,,,,,,,,,,,
,,,,,,,,,,,,,,,,,,,,,,,,,,,,,,,,,,,,,,,,,
,,,,,,,,,,,,,,,,,,,,,,,,,,,,,,,,,,,,,,,,,
,,,,,,,,,,,,,,,,,,,,,,,,,,,,,,,,,,,,,,,,,
,,,,,,,,,,,,,,,,,,,,,,,,,,,,,,,,,,,,,,,,,
,,,,,,,,,,,,,,,,,,,,,,,,,,,,,,,,,,,,,,,,,
,,,,,,,,,,,,,,,,,,,,,,,,,,,,,,,,,,,,,,,,,
,,,,,,,,,,,,,,,,,,,,,,,,,,,,,,,,,,,,,,,,,
,,,,,,,,,,,,,,,,,,,,,,,,,,,,,,,,,,,,,,,,,
,,,,,,,,,,,,,,,,,,,,,,,,,,,,,,,,,,,,,,,,,
,,,,,,,,,,,,,,,,,,,,,,,,,,,,,,,,,,,,,,,,,
,,,,,,,,,,,,,,,,,,,,,,,,,,,,,,,,,,,,,,,,,
,,,,,,,,,,,,,,,,,,,,,,,,,,,,,,,,,,,,,,,,,
,,,,,,,,,,,,,,,,,,,,,,,,,,,,,,,,,,,,,,,,,
,,,,,,,,,,,,,,,,,,,,,,,,,,,,,,,,,,,,,,,,,
,,,,,,,,,,,,,,,,,,,,,,,,,,,,,,,,,,,,,,,,,
,,,,,,,,,,,,,,,,,,,,,,,,,,,,,,,,,,,,,,,,,
,,,,,,,,,,,,,,,,,,,,,,,,,,,,,,,,,,,,,,,,,
,,,,,,,,,,,,,,,,,,,,,,,,,,,,,,,,,,,,,,,,,
,,,,,,,,,,,,,,,,,,,,,,,,,,,,,,,,,,,,,,,,,
,,,,,,,,,,,,,,,,,,,,,,,,,,,,,,,,,,,,,,,,,
,,,,,,,,,,,,,,,,,,,,,,,,,,,,,,,,,,,,,,,,,
,,,,,,,,,,,,,,,,,,,,,,,,,,,,,,,,,,,,,,,,,
,,,,,,,,,,,,,,,,,,,,,,,,,,,,,,,,,,,,,,,,,
,,,,,,,,,,,,,,,,,,,,,,,,,,,,,,,,,,,,,,,,,
,,,,,,,,,,,,,,,,,,,,,,,,,,,,,,,,,,,,,,,,,
,,,,,,,,,,,,,,,,,,,,,,,,,,,,,,,,,,,,,,,,,
,,,,,,,,,,,,,,,,,,,,,,,,,,,,,,,,,,,,,,,,,
,,,,,,,,,,,,,,,,,,,,,,,,,,,,,,,,,,,,,,,,,
,,,,,,,,,,,,,,,,,,,,,,,,,,,,,,,,,,,,,,,,,
,,,,,,,,,,,,,,,,,,,,,,,,,,,,,,,,,,,,,,,,,
,,,,,,,,,,,,,,,,,,,,,,,,,,,,,,,,,,,,,,,,,
,,,,,,,,,,,,,,,,,,,,,,,,,,,,,,,,,,,,,,,,,
,,,,,,,,,,,,,,,,,,,,,,,,,,,,,,,,,,,,,,,,,
,,,,,,,,,,,,,,,,,,,,,,,,,,,,,,,,,,,,,,,,,
,,,,,,,,,,,,,,,,,,,,,,,,,,,,,,,,,,,,,,,,,
,,,,,,,,,,,,,,,,,,,,,,,,,,,,,,,,,,,,,,,,,
,,,,,,,,,,,,,,,,,,,,,,,,,,,,,,,,,,,,,,,,,
,,,,,,,,,,,,,,,,,,,,,,,,,,,,,,,,,,,,,,,,,
,,,,,,,,,,,,,,,,,,,,,,,,,,,,,,,,,,,,,,,,,
,,,,,,,,,,,,,,,,,,,,,,,,,,,,,,,,,,,,,,,,,
,,,,,,,,,,,,,,,,,,,,,,,,,,,,,,,,,,,,,,,,,
,,,,,,,,,,,,,,,,,,,,,,,,,,,,,,,,,,,,,,,,,
,,,,,,,,,,,,,,,,,,,,,,,,,,,,,,,,,,,,,,,,,
,,,,,,,,,,,,,,,,,,,,,,,,,,,,,,,,,,,,,,,,,
,,,,,,,,,,,,,,,,,,,,,,,,,,,,,,,,,,,,,,,,,
,,,,,,,,,,,,,,,,,,,,,,,,,,,,,,,,,,,,,,,,,
,,,,,,,,,,,,,,,,,,,,,,,,,,,,,,,,,,,,,,,,,
,,,,,,,,,,,,,,,,,,,,,,,,,,,,,,,,,,,,,,,,,
,,,,,,,,,,,,,,,,,,,,,,,,,,,,,,,,,,,,,,,,,
,,,,,,,,,,,,,,,,,,,,,,,,,,,,,,,,,,,,,,,,,
,,,,,,,,,,,,,,,,,,,,,,,,,,,,,,,,,,,,,,,,,
,,,,,,,,,,,,,,,,,,,,,,,,,,,,,,,,,,,,,,,,,
,,,,,,,,,,,,,,,,,,,,,,,,,,,,,,,,,,,,,,,,,
,,,,,,,,,,,,,,,,,,,,,,,,,,,,,,,,,,,,,,,,,
,,,,,,,,,,,,,,,,,,,,,,,,,,,,,,,,,,,,,,,,,
,,,,,,,,,,,,,,,,,,,,,,,,,,,,,,,,,,,,,,,,,
,,,,,,,,,,,,,,,,,,,,,,,,,,,,,,,,,,,,,,,,,
,,,,,,,,,,,,,,,,,,,,,,,,,,,,,,,,,,,,,,,,,
,,,,,,,,,,,,,,,,,,,,,,,,,,,,,,,,,,,,,,,,,
,,,,,,,,,,,,,,,,,,,,,,,,,,,,,,,,,,,,,,,,,
,,,,,,,,,,,,,,,,,,,,,,,,,,,,,,,,,,,,,,,,,
,,,,,,,,,,,,,,,,,,,,,,,,,,,,,,,,,,,,,,,,,
,,,,,,,,,,,,,,,,,,,,,,,,,,,,,,,,,,,,,,,,,
,,,,,,,,,,,,,,,,,,,,,,,,,,,,,,,,,,,,,,,,,
,,,,,,,,,,,,,,,,,,,,,,,,,,,,,,,,,,,,,,,,,
,,,,,,,,,,,,,,,,,,,,,,,,,,,,,,,,,,,,,,,,,
,,,,,,,,,,,,,,,,,,,,,,,,,,,,,,,,,,,,,,,,,
,,,,,,,,,,,,,,,,,,,,,,,,,,,,,,,,,,,,,,,,,
,,,,,,,,,,,,,,,,,,,,,,,,,,,,,,,,,,,,,,,,,
,,,,,,,,,,,,,,,,,,,,,,,,,,,,,,,,,,,,,,,,,
,,,,,,,,,,,,,,,,,,,,,,,,,,,,,,,,,,,,,,,,,
,,,,,,,,,,,,,,,,,,,,,,,,,,,,,,,,,,,,,,,,,
,,,,,,,,,,,,,,,,,,,,,,,,,,,,,,,,,,,,,,,,,
,,,,,,,,,,,,,,,,,,,,,,,,,,,,,,,,,,,,,,,,,
,,,,,,,,,,,,,,,,,,,,,,,,,,,,,,,,,,,,,,,,,
,,,,,,,,,,,,,,,,,,,,,,,,,,,,,,,,,,,,,,,,,
,,,,,,,,,,,,,,,,,,,,,,,,,,,,,,,,,,,,,,,,,
,,,,,,,,,,,,,,,,,,,,,,,,,,,,,,,,,,,,,,,,,
,,,,,,,,,,,,,,,,,,,,,,,,,,,,,,,,,,,,,,,,,
,,,,,,,,,,,,,,,,,,,,,,,,,,,,,,,,,,,,,,,,,
,,,,,,,,,,,,,,,,,,,,,,,,,,,,,,,,,,,,,,,,,
,,,,,,,,,,,,,,,,,,,,,,,,,,,,,,,,,,,,,,,,,
,,,,,,,,,,,,,,,,,,,,,,,,,,,,,,,,,,,,,,,,,
,,,,,,,,,,,,,,,,,,,,,,,,,,,,,,,,,,,,,,,,,
,,,,,,,,,,,,,,,,,,,,,,,,,,,,,,,,,,,,,,,,,
,,,,,,,,,,,,,,,,,,,,,,,,,,,,,,,,,,,,,,,,,
,,,,,,,,,,,,,,,,,,,,,,,,,,,,,,,,,,,,,,,,,
,,,,,,,,,,,,,,,,,,,,,,,,,,,,,,,,,,,,,,,,,
,,,,,,,,,,,,,,,,,,,,,,,,,,,,,,,,,,,,,,,,,
,,,,,,,,,,,,,,,,,,,,,,,,,,,,,,,,,,,,,,,,,
,,,,,,,,,,,,,,,,,,,,,,,,,,,,,,,,,,,,,,,,,
,,,,,,,,,,,,,,,,,,,,,,,,,,,,,,,,,,,,,,,,,
,,,,,,,,,,,,,,,,,,,,,,,,,,,,,,,,,,,,,,,,,
,,,,,,,,,,,,,,,,,,,,,,,,,,,,,,,,,,,,,,,,,
,,,,,,,,,,,,,,,,,,,,,,,,,,,,,,,,,,,,,,,,,
,,,,,,,,,,,,,,,,,,,,,,,,,,,,,,,,,,,,,,,,,
,,,,,,,,,,,,,,,,,,,,,,,,,,,,,,,,,,,,,,,,,
,,,,,,,,,,,,,,,,,,,,,,,,,,,,,,,,,,,,,,,,,
,,,,,,,,,,,,,,,,,,,,,,,,,,,,,,,,,,,,,,,,,
,,,,,,,,,,,,,,,,,,,,,,,,,,,,,,,,,,,,,,,,,
,,,,,,,,,,,,,,,,,,,,,,,,,,,,,,,,,,,,,,,,,
,,,,,,,,,,,,,,,,,,,,,,,,,,,,,,,,,,,,,,,,,
,,,,,,,,,,,,,,,,,,,,,,,,,,,,,,,,,,,,,,,,,
,,,,,,,,,,,,,,,,,,,,,,,,,,,,,,,,,,,,,,,,,
,,,,,,,,,,,,,,,,,,,,,,,,,,,,,,,,,,,,,,,,,
,,,,,,,,,,,,,,,,,,,,,,,,,,,,,,,,,,,,,,,,,
,,,,,,,,,,,,,,,,,,,,,,,,,,,,,,,,,,,,,,,,,
,,,,,,,,,,,,,,,,,,,,,,,,,,,,,,,,,,,,,,,,,
,,,,,,,,,,,,,,,,,,,,,,,,,,,,,,,,,,,,,,,,,
,,,,,,,,,,,,,,,,,,,,,,,,,,,,,,,,,,,,,,,,,
,,,,,,,,,,,,,,,,,,,,,,,,,,,,,,,,,,,,,,,,,
,,,,,,,,,,,,,,,,,,,,,,,,,,,,,,,,,,,,,,,,,
,,,,,,,,,,,,,,,,,,,,,,,,,,,,,,,,,,,,,,,,,
,,,,,,,,,,,,,,,,,,,,,,,,,,,,,,,,,,,,,,,,,
,,,,,,,,,,,,,,,,,,,,,,,,,,,,,,,,,,,,,,,,,
,,,,,,,,,,,,,,,,,,,,,,,,,,,,,,,,,,,,,,,,,
,,,,,,,,,,,,,,,,,,,,,,,,,,,,,,,,,,,,,,,,,
,,,,,,,,,,,,,,,,,,,,,,,,,,,,,,,,,,,,,,,,,
,,,,,,,,,,,,,,,,,,,,,,,,,,,,,,,,,,,,,,,,,
,,,,,,,,,,,,,,,,,,,,,,,,,,,,,,,,,,,,,,,,,
,,,,,,,,,,,,,,,,,,,,,,,,,,,,,,,,,,,,,,,,,
,,,,,,,,,,,,,,,,,,,,,,,,,,,,,,,,,,,,,,,,,
,,,,,,,,,,,,,,,,,,,,,,,,,,,,,,,,,,,,,,,,,
,,,,,,,,,,,,,,,,,,,,,,,,,,,,,,,,,,,,,,,,,
,,,,,,,,,,,,,,,,,,,,,,,,,,,,,,,,,,,,,,,,,
,,,,,,,,,,,,,,,,,,,,,,,,,,,,,,,,,,,,,,,,,
,,,,,,,,,,,,,,,,,,,,,,,,,,,,,,,,,,,,,,,,,
,,,,,,,,,,,,,,,,,,,,,,,,,,,,,,,,,,,,,,,,,
,,,,,,,,,,,,,,,,,,,,,,,,,,,,,,,,,,,,,,,,,
,,,,,,,,,,,,,,,,,,,,,,,,,,,,,,,,,,,,,,,,,
,,,,,,,,,,,,,,,,,,,,,,,,,,,,,,,,,,,,,,,,,
,,,,,,,,,,,,,,,,,,,,,,,,,,,,,,,,,,,,,,,,,
,,,,,,,,,,,,,,,,,,,,,,,,,,,,,,,,,,,,,,,,,
,,,,,,,,,,,,,,,,,,,,,,,,,,,,,,,,,,,,,,,,,
,,,,,,,,,,,,,,,,,,,,,,,,,,,,,,,,,,,,,,,,,
,,,,,,,,,,,,,,,,,,,,,,,,,,,,,,,,,,,,,,,,,
,,,,,,,,,,,,,,,,,,,,,,,,,,,,,,,,,,,,,,,,,
,,,,,,,,,,,,,,,,,,,,,,,,,,,,,,,,,,,,,,,,,
,,,,,,,,,,,,,,,,,,,,,,,,,,,,,,,,,,,,,,,,,
,,,,,,,,,,,,,,,,,,,,,,,,,,,,,,,,,,,,,,,,,
,,,,,,,,,,,,,,,,,,,,,,,,,,,,,,,,,,,,,,,,,
,,,,,,,,,,,,,,,,,,,,,,,,,,,,,,,,,,,,,,,,,
,,,,,,,,,,,,,,,,,,,,,,,,,,,,,,,,,,,,,,,,,
,,,,,,,,,,,,,,,,,,,,,,,,,,,,,,,,,,,,,,,,,
,,,,,,,,,,,,,,,,,,,,,,,,,,,,,,,,,,,,,,,,,
,,,,,,,,,,,,,,,,,,,,,,,,,,,,,,,,,,,,,,,,,
,,,,,,,,,,,,,,,,,,,,,,,,,,,,,,,,,,,,,,,,,
,,,,,,,,,,,,,,,,,,,,,,,,,,,,,,,,,,,,,,,,,
,,,,,,,,,,,,,,,,,,,,,,,,,,,,,,,,,,,,,,,,,
,,,,,,,,,,,,,,,,,,,,,,,,,,,,,,,,,,,,,,,,,
,,,,,,,,,,,,,,,,,,,,,,,,,,,,,,,,,,,,,,,,,
,,,,,,,,,,,,,,,,,,,,,,,,,,,,,,,,,,,,,,,,,
,,,,,,,,,,,,,,,,,,,,,,,,,,,,,,,,,,,,,,,,,
,,,,,,,,,,,,,,,,,,,,,,,,,,,,,,,,,,,,,,,,,
,,,,,,,,,,,,,,,,,,,,,,,,,,,,,,,,,,,,,,,,,
,,,,,,,,,,,,,,,,,,,,,,,,,,,,,,,,,,,,,,,,,
,,,,,,,,,,,,,,,,,,,,,,,,,,,,,,,,,,,,,,,,,
,,,,,,,,,,,,,,,,,,,,,,,,,,,,,,,,,,,,,,,,,
,,,,,,,,,,,,,,,,,,,,,,,,,,,,,,,,,,,,,,,,,
,,,,,,,,,,,,,,,,,,,,,,,,,,,,,,,,,,,,,,,,,
,,,,,,,,,,,,,,,,,,,,,,,,,,,,,,,,,,,,,,,,,
,,,,,,,,,,,,,,,,,,,,,,,,,,,,,,,,,,,,,,,,,
,,,,,,,,,,,,,,,,,,,,,,,,,,,,,,,,,,,,,,,,,
,,,,,,,,,,,,,,,,,,,,,,,,,,,,,,,,,,,,,,,,,
,,,,,,,,,,,,,,,,,,,,,,,,,,,,,,,,,,,,,,,,,
,,,,,,,,,,,,,,,,,,,,,,,,,,,,,,,,,,,,,,,,,
,,,,,,,,,,,,,,,,,,,,,,,,,,,,,,,,,,,,,,,,,
,,,,,,,,,,,,,,,,,,,,,,,,,,,,,,,,,,,,,,,,,
,,,,,,,,,,,,,,,,,,,,,,,,,,,,,,,,,,,,,,,,,
,,,,,,,,,,,,,,,,,,,,,,,,,,,,,,,,,,,,,,,,,
,,,,,,,,,,,,,,,,,,,,,,,,,,,,,,,,,,,,,,,,,
,,,,,,,,,,,,,,,,,,,,,,,,,,,,,,,,,,,,,,,,,
,,,,,,,,,,,,,,,,,,,,,,,,,,,,,,,,,,,,,,,,,
,,,,,,,,,,,,,,,,,,,,,,,,,,,,,,,,,,,,,,,,,
,,,,,,,,,,,,,,,,,,,,,,,,,,,,,,,,,,,,,,,,,
,,,,,,,,,,,,,,,,,,,,,,,,,,,,,,,,,,,,,,,,,
,,,,,,,,,,,,,,,,,,,,,,,,,,,,,,,,,,,,,,,,,
,,,,,,,,,,,,,,,,,,,,,,,,,,,,,,,,,,,,,,,,,
,,,,,,,,,,,,,,,,,,,,,,,,,,,,,,,,,,,,,,,,,
,,,,,,,,,,,,,,,,,,,,,,,,,,,,,,,,,,,,,,,,,
,,,,,,,,,,,,,,,,,,,,,,,,,,,,,,,,,,,,,,,,,
,,,,,,,,,,,,,,,,,,,,,,,,,,,,,,,,,,,,,,,,,
,,,,,,,,,,,,,,,,,,,,,,,,,,,,,,,,,,,,,,,,,
,,,,,,,,,,,,,,,,,,,,,,,,,,,,,,,,,,,,,,,,,
,,,,,,,,,,,,,,,,,,,,,,,,,,,,,,,,,,,,,,,,,
,,,,,,,,,,,,,,,,,,,,,,,,,,,,,,,,,,,,,,,,,
,,,,,,,,,,,,,,,,,,,,,,,,,,,,,,,,,,,,,,,,,
,,,,,,,,,,,,,,,,,,,,,,,,,,,,,,,,,,,,,,,,,
,,,,,,,,,,,,,,,,,,,,,,,,,,,,,,,,,,,,,,,,,
,,,,,,,,,,,,,,,,,,,,,,,,,,,,,,,,,,,,,,,,,
,,,,,,,,,,,,,,,,,,,,,,,,,,,,,,,,,,,,,,,,,
,,,,,,,,,,,,,,,,,,,,,,,,,,,,,,,,,,,,,,,,,
,,,,,,,,,,,,,,,,,,,,,,,,,,,,,,,,,,,,,,,,,
,,,,,,,,,,,,,,,,,,,,,,,,,,,,,,,,,,,,,,,,,
,,,,,,,,,,,,,,,,,,,,,,,,,,,,,,,,,,,,,,,,,
,,,,,,,,,,,,,,,,,,,,,,,,,,,,,,,,,,,,,,,,,
,,,,,,,,,,,,,,,,,,,,,,,,,,,,,,,,,,,,,,,,,
,,,,,,,,,,,,,,,,,,,,,,,,,,,,,,,,,,,,,,,,,
,,,,,,,,,,,,,,,,,,,,,,,,,,,,,,,,,,,,,,,,,
,,,,,,,,,,,,,,,,,,,,,,,,,,,,,,,,,,,,,,,,,
,,,,,,,,,,,,,,,,,,,,,,,,,,,,,,,,,,,,,,,,,
,,,,,,,,,,,,,,,,,,,,,,,,,,,,,,,,,,,,,,,,,
,,,,,,,,,,,,,,,,,,,,,,,,,,,,,,,,,,,,,,,,,
,,,,,,,,,,,,,,,,,,,,,,,,,,,,,,,,,,,,,,,,,
,,,,,,,,,,,,,,,,,,,,,,,,,,,,,,,,,,,,,,,,,
,,,,,,,,,,,,,,,,,,,,,,,,,,,,,,,,,,,,,,,,,
,,,,,,,,,,,,,,,,,,,,,,,,,,,,,,,,,,,,,,,,,
,,,,,,,,,,,,,,,,,,,,,,,,,,,,,,,,,,,,,,,,,
,,,,,,,,,,,,,,,,,,,,,,,,,,,,,,,,,,,,,,,,,
,,,,,,,,,,,,,,,,,,,,,,,,,,,,,,,,,,,,,,,,,
,,,,,,,,,,,,,,,,,,,,,,,,,,,,,,,,,,,,,,,,,
,,,,,,,,,,,,,,,,,,,,,,,,,,,,,,,,,,,,,,,,,
,,,,,,,,,,,,,,,,,,,,,,,,,,,,,,,,,,,,,,,,,
,,,,,,,,,,,,,,,,,,,,,,,,,,,,,,,,,,,,,,,,,
,,,,,,,,,,,,,,,,,,,,,,,,,,,,,,,,,,,,,,,,,
,,,,,,,,,,,,,,,,,,,,,,,,,,,,,,,,,,,,,,,,,
,,,,,,,,,,,,,,,,,,,,,,,,,,,,,,,,,,,,,,,,,
,,,,,,,,,,,,,,,,,,,,,,,,,,,,,,,,,,,,,,,,,
,,,,,,,,,,,,,,,,,,,,,,,,,,,,,,,,,,,,,,,,,
,,,,,,,,,,,,,,,,,,,,,,,,,,,,,,,,,,,,,,,,,
,,,,,,,,,,,,,,,,,,,,,,,,,,,,,,,,,,,,,,,,,
,,,,,,,,,,,,,,,,,,,,,,,,,,,,,,,,,,,,,,,,,
,,,,,,,,,,,,,,,,,,,,,,,,,,,,,,,,,,,,,,,,,
,,,,,,,,,,,,,,,,,,,,,,,,,,,,,,,,,,,,,,,,,
,,,,,,,,,,,,,,,,,,,,,,,,,,,,,,,,,,,,,,,,,
,,,,,,,,,,,,,,,,,,,,,,,,,,,,,,,,,,,,,,,,,
,,,,,,,,,,,,,,,,,,,,,,,,,,,,,,,,,,,,,,,,,
,,,,,,,,,,,,,,,,,,,,,,,,,,,,,,,,,,,,,,,,,
,,,,,,,,,,,,,,,,,,,,,,,,,,,,,,,,,,,,,,,,,
,,,,,,,,,,,,,,,,,,,,,,,,,,,,,,,,,,,,,,,,,
,,,,,,,,,,,,,,,,,,,,,,,,,,,,,,,,,,,,,,,,,
,,,,,,,,,,,,,,,,,,,,,,,,,,,,,,,,,,,,,,,,,
,,,,,,,,,,,,,,,,,,,,,,,,,,,,,,,,,,,,,,,,,
,,,,,,,,,,,,,,,,,,,,,,,,,,,,,,,,,,,,,,,,,
,,,,,,,,,,,,,,,,,,,,,,,,,,,,,,,,,,,,,,,,,
,,,,,,,,,,,,,,,,,,,,,,,,,,,,,,,,,,,,,,,,,
,,,,,,,,,,,,,,,,,,,,,,,,,,,,,,,,,,,,,,,,,
,,,,,,,,,,,,,,,,,,,,,,,,,,,,,,,,,,,,,,,,,
,,,,,,,,,,,,,,,,,,,,,,,,,,,,,,,,,,,,,,,,,
,,,,,,,,,,,,,,,,,,,,,,,,,,,,,,,,,,,,,,,,,
,,,,,,,,,,,,,,,,,,,,,,,,,,,,,,,,,,,,,,,,,
,,,,,,,,,,,,,,,,,,,,,,,,,,,,,,,,,,,,,,,,,
,,,,,,,,,,,,,,,,,,,,,,,,,,,,,,,,,,,,,,,,,
,,,,,,,,,,,,,,,,,,,,,,,,,,,,,,,,,,,,,,,,,
,,,,,,,,,,,,,,,,,,,,,,,,,,,,,,,,,,,,,,,,,
,,,,,,,,,,,,,,,,,,,,,,,,,,,,,,,,,,,,,,,,,
,,,,,,,,,,,,,,,,,,,,,,,,,,,,,,,,,,,,,,,,,
,,,,,,,,,,,,,,,,,,,,,,,,,,,,,,,,,,,,,,,,,
,,,,,,,,,,,,,,,,,,,,,,,,,,,,,,,,,,,,,,,,,
,,,,,,,,,,,,,,,,,,,,,,,,,,,,,,,,,,,,,,,,,
,,,,,,,,,,,,,,,,,,,,,,,,,,,,,,,,,,,,,,,,,
,,,,,,,,,,,,,,,,,,,,,,,,,,,,,,,,,,,,,,,,,
,,,,,,,,,,,,,,,,,,,,,,,,,,,,,,,,,,,,,,,,,
,,,,,,,,,,,,,,,,,,,,,,,,,,,,,,,,,,,,,,,,,
,,,,,,,,,,,,,,,,,,,,,,,,,,,,,,,,,,,,,,,,,
,,,,,,,,,,,,,,,,,,,,,,,,,,,,,,,,,,,,,,,,,
,,,,,,,,,,,,,,,,,,,,,,,,,,,,,,,,,,,,,,,,,
,,,,,,,,,,,,,,,,,,,,,,,,,,,,,,,,,,,,,,,,,
,,,,,,,,,,,,,,,,,,,,,,,,,,,,,,,,,,,,,,,,,
,,,,,,,,,,,,,,,,,,,,,,,,,,,,,,,,,,,,,,,,,
,,,,,,,,,,,,,,,,,,,,,,,,,,,,,,,,,,,,,,,,,
,,,,,,,,,,,,,,,,,,,,,,,,,,,,,,,,,,,,,,,,,
,,,,,,,,,,,,,,,,,,,,,,,,,,,,,,,,,,,,,,,,,
,,,,,,,,,,,,,,,,,,,,,,,,,,,,,,,,,,,,,,,,,
,,,,,,,,,,,,,,,,,,,,,,,,,,,,,,,,,,,,,,,,,
,,,,,,,,,,,,,,,,,,,,,,,,,,,,,,,,,,,,,,,,,
,,,,,,,,,,,,,,,,,,,,,,,,,,,,,,,,,,,,,,,,,
,,,,,,,,,,,,,,,,,,,,,,,,,,,,,,,,,,,,,,,,,
,,,,,,,,,,,,,,,,,,,,,,,,,,,,,,,,,,,,,,,,,
,,,,,,,,,,,,,,,,,,,,,,,,,,,,,,,,,,,,,,,,,
,,,,,,,,,,,,,,,,,,,,,,,,,,,,,,,,,,,,,,,,,
,,,,,,,,,,,,,,,,,,,,,,,,,,,,,,,,,,,,,,,,,
,,,,,,,,,,,,,,,,,,,,,,,,,,,,,,,,,,,,,,,,,
,,,,,,,,,,,,,,,,,,,,,,,,,,,,,,,,,,,,,,,,,
,,,,,,,,,,,,,,,,,,,,,,,,,,,,,,,,,,,,,,,,,
,,,,,,,,,,,,,,,,,,,,,,,,,,,,,,,,,,,,,,,,,
,,,,,,,,,,,,,,,,,,,,,,,,,,,,,,,,,,,,,,,,,
,,,,,,,,,,,,,,,,,,,,,,,,,,,,,,,,,,,,,,,,,
,,,,,,,,,,,,,,,,,,,,,,,,,,,,,,,,,,,,,,,,,
,,,,,,,,,,,,,,,,,,,,,,,,,,,,,,,,,,,,,,,,,
,,,,,,,,,,,,,,,,,,,,,,,,,,,,,,,,,,,,,,,,,
,,,,,,,,,,,,,,,,,,,,,,,,,,,,,,,,,,,,,,,,,
,,,,,,,,,,,,,,,,,,,,,,,,,,,,,,,,,,,,,,,,,
,,,,,,,,,,,,,,,,,,,,,,,,,,,,,,,,,,,,,,,,,
,,,,,,,,,,,,,,,,,,,,,,,,,,,,,,,,,,,,,,,,,
,,,,,,,,,,,,,,,,,,,,,,,,,,,,,,,,,,,,,,,,,
,,,,,,,,,,,,,,,,,,,,,,,,,,,,,,,,,,,,,,,,,
,,,,,,,,,,,,,,,,,,,,,,,,,,,,,,,,,,,,,,,,,
,,,,,,,,,,,,,,,,,,,,,,,,,,,,,,,,,,,,,,,,,
,,,,,,,,,,,,,,,,,,,,,,,,,,,,,,,,,,,,,,,,,
,,,,,,,,,,,,,,,,,,,,,,,,,,,,,,,,,,,,,,,,,
,,,,,,,,,,,,,,,,,,,,,,,,,,,,,,,,,,,,,,,,,
,,,,,,,,,,,,,,,,,,,,,,,,,,,,,,,,,,,,,,,,,
,,,,,,,,,,,,,,,,,,,,,,,,,,,,,,,,,,,,,,,,,
,,,,,,,,,,,,,,,,,,,,,,,,,,,,,,,,,,,,,,,,,
,,,,,,,,,,,,,,,,,,,,,,,,,,,,,,,,,,,,,,,,,
,,,,,,,,,,,,,,,,,,,,,,,,,,,,,,,,,,,,,,,,,
,,,,,,,,,,,,,,,,,,,,,,,,,,,,,,,,,,,,,,,,,
,,,,,,,,,,,,,,,,,,,,,,,,,,,,,,,,,,,,,,,,,
,,,,,,,,,,,,,,,,,,,,,,,,,,,,,,,,,,,,,,,,,
,,,,,,,,,,,,,,,,,,,,,,,,,,,,,,,,,,,,,,,,,
,,,,,,,,,,,,,,,,,,,,,,,,,,,,,,,,,,,,,,,,,
,,,,,,,,,,,,,,,,,,,,,,,,,,,,,,,,,,,,,,,,,
,,,,,,,,,,,,,,,,,,,,,,,,,,,,,,,,,,,,,,,,,
,,,,,,,,,,,,,,,,,,,,,,,,,,,,,,,,,,,,,,,,,
,,,,,,,,,,,,,,,,,,,,,,,,,,,,,,,,,,,,,,,,,
,,,,,,,,,,,,,,,,,,,,,,,,,,,,,,,,,,,,,,,,,
,,,,,,,,,,,,,,,,,,,,,,,,,,,,,,,,,,,,,,,,,
,,,,,,,,,,,,,,,,,,,,,,,,,,,,,,,,,,,,,,,,,
,,,,,,,,,,,,,,,,,,,,,,,,,,,,,,,,,,,,,,,,,
,,,,,,,,,,,,,,,,,,,,,,,,,,,,,,,,,,,,,,,,,
,,,,,,,,,,,,,,,,,,,,,,,,,,,,,,,,,,,,,,,,,
,,,,,,,,,,,,,,,,,,,,,,,,,,,,,,,,,,,,,,,,,
,,,,,,,,,,,,,,,,,,,,,,,,,,,,,,,,,,,,,,,,,
,,,,,,,,,,,,,,,,,,,,,,,,,,,,,,,,,,,,,,,,,
,,,,,,,,,,,,,,,,,,,,,,,,,,,,,,,,,,,,,,,,,
,,,,,,,,,,,,,,,,,,,,,,,,,,,,,,,,,,,,,,,,,
,,,,,,,,,,,,,,,,,,,,,,,,,,,,,,,,,,,,,,,,,
,,,,,,,,,,,,,,,,,,,,,,,,,,,,,,,,,,,,,,,,,
,,,,,,,,,,,,,,,,,,,,,,,,,,,,,,,,,,,,,,,,,
,,,,,,,,,,,,,,,,,,,,,,,,,,,,,,,,,,,,,,,,,
,,,,,,,,,,,,,,,,,,,,,,,,,,,,,,,,,,,,,,,,,
,,,,,,,,,,,,,,,,,,,,,,,,,,,,,,,,,,,,,,,,,
,,,,,,,,,,,,,,,,,,,,,,,,,,,,,,,,,,,,,,,,,
,,,,,,,,,,,,,,,,,,,,,,,,,,,,,,,,,,,,,,,,,
,,,,,,,,,,,,,,,,,,,,,,,,,,,,,,,,,,,,,,,,,
,,,,,,,,,,,,,,,,,,,,,,,,,,,,,,,,,,,,,,,,,
,,,,,,,,,,,,,,,,,,,,,,,,,,,,,,,,,,,,,,,,,
,,,,,,,,,,,,,,,,,,,,,,,,,,,,,,,,,,,,,,,,,
,,,,,,,,,,,,,,,,,,,,,,,,,,,,,,,,,,,,,,,,,
,,,,,,,,,,,,,,,,,,,,,,,,,,,,,,,,,,,,,,,,,
,,,,,,,,,,,,,,,,,,,,,,,,,,,,,,,,,,,,,,,,,
,,,,,,,,,,,,,,,,,,,,,,,,,,,,,,,,,,,,,,,,,
,,,,,,,,,,,,,,,,,,,,,,,,,,,,,,,,,,,,,,,,,
,,,,,,,,,,,,,,,,,,,,,,,,,,,,,,,,,,,,,,,,,
,,,,,,,,,,,,,,,,,,,,,,,,,,,,,,,,,,,,,,,,,
,,,,,,,,,,,,,,,,,,,,,,,,,,,,,,,,,,,,,,,,,
,,,,,,,,,,,,,,,,,,,,,,,,,,,,,,,,,,,,,,,,,
,,,,,,,,,,,,,,,,,,,,,,,,,,,,,,,,,,,,,,,,,
,,,,,,,,,,,,,,,,,,,,,,,,,,,,,,,,,,,,,,,,,
,,,,,,,,,,,,,,,,,,,,,,,,,,,,,,,,,,,,,,,,,
,,,,,,,,,,,,,,,,,,,,,,,,,,,,,,,,,,,,,,,,,
,,,,,,,,,,,,,,,,,,,,,,,,,,,,,,,,,,,,,,,,,
,,,,,,,,,,,,,,,,,,,,,,,,,,,,,,,,,,,,,,,,,
,,,,,,,,,,,,,,,,,,,,,,,,,,,,,,,,,,,,,,,,,
,,,,,,,,,,,,,,,,,,,,,,,,,,,,,,,,,,,,,,,,,
,,,,,,,,,,,,,,,,,,,,,,,,,,,,,,,,,,,,,,,,,
,,,,,,,,,,,,,,,,,,,,,,,,,,,,,,,,,,,,,,,,,
,,,,,,,,,,,,,,,,,,,,,,,,,,,,,,,,,,,,,,,,,
,,,,,,,,,,,,,,,,,,,,,,,,,,,,,,,,,,,,,,,,,
,,,,,,,,,,,,,,,,,,,,,,,,,,,,,,,,,,,,,,,,,
,,,,,,,,,,,,,,,,,,,,,,,,,,,,,,,,,,,,,,,,,
,,,,,,,,,,,,,,,,,,,,,,,,,,,,,,,,,,,,,,,,,
,,,,,,,,,,,,,,,,,,,,,,,,,,,,,,,,,,,,,,,,,
,,,,,,,,,,,,,,,,,,,,,,,,,,,,,,,,,,,,,,,,,
,,,,,,,,,,,,,,,,,,,,,,,,,,,,,,,,,,,,,,,,,
,,,,,,,,,,,,,,,,,,,,,,,,,,,,,,,,,,,,,,,,,
,,,,,,,,,,,,,,,,,,,,,,,,,,,,,,,,,,,,,,,,,
,,,,,,,,,,,,,,,,,,,,,,,,,,,,,,,,,,,,,,,,,
,,,,,,,,,,,,,,,,,,,,,,,,,,,,,,,,,,,,,,,,,
,,,,,,,,,,,,,,,,,,,,,,,,,,,,,,,,,,,,,,,,,
,,,,,,,,,,,,,,,,,,,,,,,,,,,,,,,,,,,,,,,,,
,,,,,,,,,,,,,,,,,,,,,,,,,,,,,,,,,,,,,,,,,
,,,,,,,,,,,,,,,,,,,,,,,,,,,,,,,,,,,,,,,,,
,,,,,,,,,,,,,,,,,,,,,,,,,,,,,,,,,,,,,,,,,
,,,,,,,,,,,,,,,,,,,,,,,,,,,,,,,,,,,,,,,,,
,,,,,,,,,,,,,,,,,,,,,,,,,,,,,,,,,,,,,,,,,
,,,,,,,,,,,,,,,,,,,,,,,,,,,,,,,,,,,,,,,,,
,,,,,,,,,,,,,,,,,,,,,,,,,,,,,,,,,,,,,,,,,
,,,,,,,,,,,,,,,,,,,,,,,,,,,,,,,,,,,,,,,,,
,,,,,,,,,,,,,,,,,,,,,,,,,,,,,,,,,,,,,,,,,
,,,,,,,,,,,,,,,,,,,,,,,,,,,,,,,,,,,,,,,,,
,,,,,,,,,,,,,,,,,,,,,,,,,,,,,,,,,,,,,,,,,
,,,,,,,,,,,,,,,,,,,,,,,,,,,,,,,,,,,,,,,,,
,,,,,,,,,,,,,,,,,,,,,,,,,,,,,,,,,,,,,,,,,
,,,,,,,,,,,,,,,,,,,,,,,,,,,,,,,,,,,,,,,,,
,,,,,,,,,,,,,,,,,,,,,,,,,,,,,,,,,,,,,,,,,
,,,,,,,,,,,,,,,,,,,,,,,,,,,,,,,,,,,,,,,,,
,,,,,,,,,,,,,,,,,,,,,,,,,,,,,,,,,,,,,,,,,
,,,,,,,,,,,,,,,,,,,,,,,,,,,,,,,,,,,,,,,,,
,,,,,,,,,,,,,,,,,,,,,,,,,,,,,,,,,,,,,,,,,
,,,,,,,,,,,,,,,,,,,,,,,,,,,,,,,,,,,,,,,,,
,,,,,,,,,,,,,,,,,,,,,,,,,,,,,,,,,,,,,,,,,
,,,,,,,,,,,,,,,,,,,,,,,,,,,,,,,,,,,,,,,,,
,,,,,,,,,,,,,,,,,,,,,,,,,,,,,,,,,,,,,,,,,
,,,,,,,,,,,,,,,,,,,,,,,,,,,,,,,,,,,,,,,,,
,,,,,,,,,,,,,,,,,,,,,,,,,,,,,,,,,,,,,,,,,
,,,,,,,,,,,,,,,,,,,,,,,,,,,,,,,,,,,,,,,,,
,,,,,,,,,,,,,,,,,,,,,,,,,,,,,,,,,,,,,,,,,
,,,,,,,,,,,,,,,,,,,,,,,,,,,,,,,,,,,,,,,,,
,,,,,,,,,,,,,,,,,,,,,,,,,,,,,,,,,,,,,,,,,
,,,,,,,,,,,,,,,,,,,,,,,,,,,,,,,,,,,,,,,,,
,,,,,,,,,,,,,,,,,,,,,,,,,,,,,,,,,,,,,,,,,
,,,,,,,,,,,,,,,,,,,,,,,,,,,,,,,,,,,,,,,,,
,,,,,,,,,,,,,,,,,,,,,,,,,,,,,,,,,,,,,,,,,
,,,,,,,,,,,,,,,,,,,,,,,,,,,,,,,,,,,,,,,,,
,,,,,,,,,,,,,,,,,,,,,,,,,,,,,,,,,,,,,,,,,
,,,,,,,,,,,,,,,,,,,,,,,,,,,,,,,,,,,,,,,,,
,,,,,,,,,,,,,,,,,,,,,,,,,,,,,,,,,,,,,,,,,
,,,,,,,,,,,,,,,,,,,,,,,,,,,,,,,,,,,,,,,,,
,,,,,,,,,,,,,,,,,,,,,,,,,,,,,,,,,,,,,,,,,
,,,,,,,,,,,,,,,,,,,,,,,,,,,,,,,,,,,,,,,,,
,,,,,,,,,,,,,,,,,,,,,,,,,,,,,,,,,,,,,,,,,
,,,,,,,,,,,,,,,,,,,,,,,,,,,,,,,,,,,,,,,,,
,,,,,,,,,,,,,,,,,,,,,,,,,,,,,,,,,,,,,,,,,
,,,,,,,,,,,,,,,,,,,,,,,,,,,,,,,,,,,,,,,,,
,,,,,,,,,,,,,,,,,,,,,,,,,,,,,,,,,,,,,,,,,
,,,,,,,,,,,,,,,,,,,,,,,,,,,,,,,,,,,,,,,,,
,,,,,,,,,,,,,,,,,,,,,,,,,,,,,,,,,,,,,,,,,
,,,,,,,,,,,,,,,,,,,,,,,,,,,,,,,,,,,,,,,,,
,,,,,,,,,,,,,,,,,,,,,,,,,,,,,,,,,,,,,,,,,
,,,,,,,,,,,,,,,,,,,,,,,,,,,,,,,,,,,,,,,,,
,,,,,,,,,,,,,,,,,,,,,,,,,,,,,,,,,,,,,,,,,
,,,,,,,,,,,,,,,,,,,,,,,,,,,,,,,,,,,,,,,,,
,,,,,,,,,,,,,,,,,,,,,,,,,,,,,,,,,,,,,,,,,
,,,,,,,,,,,,,,,,,,,,,,,,,,,,,,,,,,,,,,,,,
,,,,,,,,,,,,,,,,,,,,,,,,,,,,,,,,,,,,,,,,,
,,,,,,,,,,,,,,,,,,,,,,,,,,,,,,,,,,,,,,,,,
,,,,,,,,,,,,,,,,,,,,,,,,,,,,,,,,,,,,,,,,,
,,,,,,,,,,,,,,,,,,,,,,,,,,,,,,,,,,,,,,,,,
,,,,,,,,,,,,,,,,,,,,,,,,,,,,,,,,,,,,,,,,,
,,,,,,,,,,,,,,,,,,,,,,,,,,,,,,,,,,,,,,,,,
,,,,,,,,,,,,,,,,,,,,,,,,,,,,,,,,,,,,,,,,,
,,,,,,,,,,,,,,,,,,,,,,,,,,,,,,,,,,,,,,,,,
,,,,,,,,,,,,,,,,,,,,,,,,,,,,,,,,,,,,,,,,,
,,,,,,,,,,,,,,,,,,,,,,,,,,,,,,,,,,,,,,,,,
,,,,,,,,,,,,,,,,,,,,,,,,,,,,,,,,,,,,,,,,,
,,,,,,,,,,,,,,,,,,,,,,,,,,,,,,,,,,,,,,,,,
,,,,,,,,,,,,,,,,,,,,,,,,,,,,,,,,,,,,,,,,,
,,,,,,,,,,,,,,,,,,,,,,,,,,,,,,,,,,,,,,,,,
,,,,,,,,,,,,,,,,,,,,,,,,,,,,,,,,,,,,,,,,,
,,,,,,,,,,,,,,,,,,,,,,,,,,,,,,,,,,,,,,,,,
,,,,,,,,,,,,,,,,,,,,,,,,,,,,,,,,,,,,,,,,,
,,,,,,,,,,,,,,,,,,,,,,,,,,,,,,,,,,,,,,,,,
,,,,,,,,,,,,,,,,,,,,,,,,,,,,,,,,,,,,,,,,,
,,,,,,,,,,,,,,,,,,,,,,,,,,,,,,,,,,,,,,,,,
,,,,,,,,,,,,,,,,,,,,,,,,,,,,,,,,,,,,,,,,,
,,,,,,,,,,,,,,,,,,,,,,,,,,,,,,,,,,,,,,,,,
,,,,,,,,,,,,,,,,,,,,,,,,,,,,,,,,,,,,,,,,,
,,,,,,,,,,,,,,,,,,,,,,,,,,,,,,,,,,,,,,,,,
,,,,,,,,,,,,,,,,,,,,,,,,,,,,,,,,,,,,,,,,,
,,,,,,,,,,,,,,,,,,,,,,,,,,,,,,,,,,,,,,,,,
,,,,,,,,,,,,,,,,,,,,,,,,,,,,,,,,,,,,,,,,,
,,,,,,,,,,,,,,,,,,,,,,,,,,,,,,,,,,,,,,,,,
,,,,,,,,,,,,,,,,,,,,,,,,,,,,,,,,,,,,,,,,,
,,,,,,,,,,,,,,,,,,,,,,,,,,,,,,,,,,,,,,,,,
,,,,,,,,,,,,,,,,,,,,,,,,,,,,,,,,,,,,,,,,,
,,,,,,,,,,,,,,,,,,,,,,,,,,,,,,,,,,,,,,,,,
,,,,,,,,,,,,,,,,,,,,,,,,,,,,,,,,,,,,,,,,,
,,,,,,,,,,,,,,,,,,,,,,,,,,,,,,,,,,,,,,,,,
,,,,,,,,,,,,,,,,,,,,,,,,,,,,,,,,,,,,,,,,,
,,,,,,,,,,,,,,,,,,,,,,,,,,,,,,,,,,,,,,,,,
,,,,,,,,,,,,,,,,,,,,,,,,,,,,,,,,,,,,,,,,,
,,,,,,,,,,,,,,,,,,,,,,,,,,,,,,,,,,,,,,,,,
,,,,,,,,,,,,,,,,,,,,,,,,,,,,,,,,,,,,,,,,,
,,,,,,,,,,,,,,,,,,,,,,,,,,,,,,,,,,,,,,,,,
,,,,,,,,,,,,,,,,,,,,,,,,,,,,,,,,,,,,,,,,,
,,,,,,,,,,,,,,,,,,,,,,,,,,,,,,,,,,,,,,,,,
,,,,,,,,,,,,,,,,,,,,,,,,,,,,,,,,,,,,,,,,,
,,,,,,,,,,,,,,,,,,,,,,,,,,,,,,,,,,,,,,,,,
,,,,,,,,,,,,,,,,,,,,,,,,,,,,,,,,,,,,,,,,,
,,,,,,,,,,,,,,,,,,,,,,,,,,,,,,,,,,,,,,,,,
,,,,,,,,,,,,,,,,,,,,,,,,,,,,,,,,,,,,,,,,,
,,,,,,,,,,,,,,,,,,,,,,,,,,,,,,,,,,,,,,,,,
,,,,,,,,,,,,,,,,,,,,,,,,,,,,,,,,,,,,,,,,,
,,,,,,,,,,,,,,,,,,,,,,,,,,,,,,,,,,,,,,,,,
,,,,,,,,,,,,,,,,,,,,,,,,,,,,,,,,,,,,,,,,,
,,,,,,,,,,,,,,,,,,,,,,,,,,,,,,,,,,,,,,,,,
,,,,,,,,,,,,,,,,,,,,,,,,,,,,,,,,,,,,,,,,,
,,,,,,,,,,,,,,,,,,,,,,,,,,,,,,,,,,,,,,,,,
,,,,,,,,,,,,,,,,,,,,,,,,,,,,,,,,,,,,,,,,,
,,,,,,,,,,,,,,,,,,,,,,,,,,,,,,,,,,,,,,,,,
,,,,,,,,,,,,,,,,,,,,,,,,,,,,,,,,,,,,,,,,,
,,,,,,,,,,,,,,,,,,,,,,,,,,,,,,,,,,,,,,,,,
,,,,,,,,,,,,,,,,,,,,,,,,,,,,,,,,,,,,,,,,,
,,,,,,,,,,,,,,,,,,,,,,,,,,,,,,,,,,,,,,,,,
,,,,,,,,,,,,,,,,,,,,,,,,,,,,,,,,,,,,,,,,,
,,,,,,,,,,,,,,,,,,,,,,,,,,,,,,,,,,,,,,,,,
,,,,,,,,,,,,,,,,,,,,,,,,,,,,,,,,,,,,,,,,,
,,,,,,,,,,,,,,,,,,,,,,,,,,,,,,,,,,,,,,,,,
,,,,,,,,,,,,,,,,,,,,,,,,,,,,,,,,,,,,,,,,,
,,,,,,,,,,,,,,,,,,,,,,,,,,,,,,,,,,,,,,,,,
,,,,,,,,,,,,,,,,,,,,,,,,,,,,,,,,,,,,,,,,,
,,,,,,,,,,,,,,,,,,,,,,,,,,,,,,,,,,,,,,,,,
,,,,,,,,,,,,,,,,,,,,,,,,,,,,,,,,,,,,,,,,,
,,,,,,,,,,,,,,,,,,,,,,,,,,,,,,,,,,,,,,,,,
,,,,,,,,,,,,,,,,,,,,,,,,,,,,,,,,,,,,,,,,,
,,,,,,,,,,,,,,,,,,,,,,,,,,,,,,,,,,,,,,,,,
,,,,,,,,,,,,,,,,,,,,,,,,,,,,,,,,,,,,,,,,,
,,,,,,,,,,,,,,,,,,,,,,,,,,,,,,,,,,,,,,,,,
,,,,,,,,,,,,,,,,,,,,,,,,,,,,,,,,,,,,,,,,,
,,,,,,,,,,,,,,,,,,,,,,,,,,,,,,,,,,,,,,,,,
,,,,,,,,,,,,,,,,,,,,,,,,,,,,,,,,,,,,,,,,,
,,,,,,,,,,,,,,,,,,,,,,,,,,,,,,,,,,,,,,,,,
,,,,,,,,,,,,,,,,,,,,,,,,,,,,,,,,,,,,,,,,,
,,,,,,,,,,,,,,,,,,,,,,,,,,,,,,,,,,,,,,,,,
,,,,,,,,,,,,,,,,,,,,,,,,,,,,,,,,,,,,,,,,,
,,,,,,,,,,,,,,,,,,,,,,,,,,,,,,,,,,,,,,,,,
,,,,,,,,,,,,,,,,,,,,,,,,,,,,,,,,,,,,,,,,,
,,,,,,,,,,,,,,,,,,,,,,,,,,,,,,,,,,,,,,,,,
,,,,,,,,,,,,,,,,,,,,,,,,,,,,,,,,,,,,,,,,,
,,,,,,,,,,,,,,,,,,,,,,,,,,,,,,,,,,,,,,,,,
,,,,,,,,,,,,,,,,,,,,,,,,,,,,,,,,,,,,,,,,,
,,,,,,,,,,,,,,,,,,,,,,,,,,,,,,,,,,,,,,,,,
,,,,,,,,,,,,,,,,,,,,,,,,,,,,,,,,,,,,,,,,,
,,,,,,,,,,,,,,,,,,,,,,,,,,,,,,,,,,,,,,,,,
,,,,,,,,,,,,,,,,,,,,,,,,,,,,,,,,,,,,,,,,,
,,,,,,,,,,,,,,,,,,,,,,,,,,,,,,,,,,,,,,,,,
,,,,,,,,,,,,,,,,,,,,,,,,,,,,,,,,,,,,,,,,,
,,,,,,,,,,,,,,,,,,,,,,,,,,,,,,,,,,,,,,,,,
,,,,,,,,,,,,,,,,,,,,,,,,,,,,,,,,,,,,,,,,,
,,,,,,,,,,,,,,,,,,,,,,,,,,,,,,,,,,,,,,,,,
,,,,,,,,,,,,,,,,,,,,,,,,,,,,,,,,,,,,,,,,,
,,,,,,,,,,,,,,,,,,,,,,,,,,,,,,,,,,,,,,,,,
,,,,,,,,,,,,,,,,,,,,,,,,,,,,,,,,,,,,,,,,,
,,,,,,,,,,,,,,,,,,,,,,,,,,,,,,,,,,,,,,,,,
,,,,,,,,,,,,,,,,,,,,,,,,,,,,,,,,,,,,,,,,,
,,,,,,,,,,,,,,,,,,,,,,,,,,,,,,,,,,,,,,,,,
,,,,,,,,,,,,,,,,,,,,,,,,,,,,,,,,,,,,,,,,,
,,,,,,,,,,,,,,,,,,,,,,,,,,,,,,,,,,,,,,,,,
,,,,,,,,,,,,,,,,,,,,,,,,,,,,,,,,,,,,,,,,,
,,,,,,,,,,,,,,,,,,,,,,,,,,,,,,,,,,,,,,,,,
,,,,,,,,,,,,,,,,,,,,,,,,,,,,,,,,,,,,,,,,,
,,,,,,,,,,,,,,,,,,,,,,,,,,,,,,,,,,,,,,,,,
,,,,,,,,,,,,,,,,,,,,,,,,,,,,,,,,,,,,,,,,,
,,,,,,,,,,,,,,,,,,,,,,,,,,,,,,,,,,,,,,,,,
,,,,,,,,,,,,,,,,,,,,,,,,,,,,,,,,,,,,,,,,,
,,,,,,,,,,,,,,,,,,,,,,,,,,,,,,,,,,,,,,,,,
,,,,,,,,,,,,,,,,,,,,,,,,,,,,,,,,,,,,,,,,,
,,,,,,,,,,,,,,,,,,,,,,,,,,,,,,,,,,,,,,,,,
,,,,,,,,,,,,,,,,,,,,,,,,,,,,,,,,,,,,,,,,,
,,,,,,,,,,,,,,,,,,,,,,,,,,,,,,,,,,,,,,,,,
,,,,,,,,,,,,,,,,,,,,,,,,,,,,,,,,,,,,,,,,,
,,,,,,,,,,,,,,,,,,,,,,,,,,,,,,,,,,,,,,,,,
,,,,,,,,,,,,,,,,,,,,,,,,,,,,,,,,,,,,,,,,,
,,,,,,,,,,,,,,,,,,,,,,,,,,,,,,,,,,,,,,,,,
,,,,,,,,,,,,,,,,,,,,,,,,,,,,,,,,,,,,,,,,,
,,,,,,,,,,,,,,,,,,,,,,,,,,,,,,,,,,,,,,,,,
,,,,,,,,,,,,,,,,,,,,,,,,,,,,,,,,,,,,,,,,,
,,,,,,,,,,,,,,,,,,,,,,,,,,,,,,,,,,,,,,,,,
,,,,,,,,,,,,,,,,,,,,,,,,,,,,,,,,,,,,,,,,,
,,,,,,,,,,,,,,,,,,,,,,,,,,,,,,,,,,,,,,,,,
,,,,,,,,,,,,,,,,,,,,,,,,,,,,,,,,,,,,,,,,,
,,,,,,,,,,,,,,,,,,,,,,,,,,,,,,,,,,,,,,,,,
,,,,,,,,,,,,,,,,,,,,,,,,,,,,,,,,,,,,,,,,,
,,,,,,,,,,,,,,,,,,,,,,,,,,,,,,,,,,,,,,,,,
,,,,,,,,,,,,,,,,,,,,,,,,,,,,,,,,,,,,,,,,,
,,,,,,,,,,,,,,,,,,,,,,,,,,,,,,,,,,,,,,,,,
,,,,,,,,,,,,,,,,,,,,,,,,,,,,,,,,,,,,,,,,,
,,,,,,,,,,,,,,,,,,,,,,,,,,,,,,,,,,,,,,,,,
,,,,,,,,,,,,,,,,,,,,,,,,,,,,,,,,,,,,,,,,,
,,,,,,,,,,,,,,,,,,,,,,,,,,,,,,,,,,,,,,,,,
,,,,,,,,,,,,,,,,,,,,,,,,,,,,,,,,,,,,,,,,,
,,,,,,,,,,,,,,,,,,,,,,,,,,,,,,,,,,,,,,,,,
,,,,,,,,,,,,,,,,,,,,,,,,,,,,,,,,,,,,,,,,,
,,,,,,,,,,,,,,,,,,,,,,,,,,,,,,,,,,,,,,,,,
,,,,,,,,,,,,,,,,,,,,,,,,,,,,,,,,,,,,,,,,,
,,,,,,,,,,,,,,,,,,,,,,,,,,,,,,,,,,,,,,,,,
,,,,,,,,,,,,,,,,,,,,,,,,,,,,,,,,,,,,,,,,,
,,,,,,,,,,,,,,,,,,,,,,,,,,,,,,,,,,,,,,,,,
,,,,,,,,,,,,,,,,,,,,,,,,,,,,,,,,,,,,,,,,,
,,,,,,,,,,,,,,,,,,,,,,,,,,,,,,,,,,,,,,,,,
,,,,,,,,,,,,,,,,,,,,,,,,,,,,,,,,,,,,,,,,,
,,,,,,,,,,,,,,,,,,,,,,,,,,,,,,,,,,,,,,,,,
,,,,,,,,,,,,,,,,,,,,,,,,,,,,,,,,,,,,,,,,,
,,,,,,,,,,,,,,,,,,,,,,,,,,,,,,,,,,,,,,,,,
,,,,,,,,,,,,,,,,,,,,,,,,,,,,,,,,,,,,,,,,,
,,,,,,,,,,,,,,,,,,,,,,,,,,,,,,,,,,,,,,,,,
,,,,,,,,,,,,,,,,,,,,,,,,,,,,,,,,,,,,,,,,,
,,,,,,,,,,,,,,,,,,,,,,,,,,,,,,,,,,,,,,,,,
,,,,,,,,,,,,,,,,,,,,,,,,,,,,,,,,,,,,,,,,,
,,,,,,,,,,,,,,,,,,,,,,,,,,,,,,,,,,,,,,,,,
,,,,,,,,,,,,,,,,,,,,,,,,,,,,,,,,,,,,,,,,,
,,,,,,,,,,,,,,,,,,,,,,,,,,,,,,,,,,,,,,,,,
,,,,,,,,,,,,,,,,,,,,,,,,,,,,,,,,,,,,,,,,,
,,,,,,,,,,,,,,,,,,,,,,,,,,,,,,,,,,,,,,,,,
,,,,,,,,,,,,,,,,,,,,,,,,,,,,,,,,,,,,,,,,,
,,,,,,,,,,,,,,,,,,,,,,,,,,,,,,,,,,,,,,,,,
,,,,,,,,,,,,,,,,,,,,,,,,,,,,,,,,,,,,,,,,,
,,,,,,,,,,,,,,,,,,,,,,,,,,,,,,,,,,,,,,,,,
,,,,,,,,,,,,,,,,,,,,,,,,,,,,,,,,,,,,,,,,,
,,,,,,,,,,,,,,,,,,,,,,,,,,,,,,,,,,,,,,,,,
,,,,,,,,,,,,,,,,,,,,,,,,,,,,,,,,,,,,,,,,,
,,,,,,,,,,,,,,,,,,,,,,,,,,,,,,,,,,,,,,,,,
,,,,,,,,,,,,,,,,,,,,,,,,,,,,,,,,,,,,,,,,,
,,,,,,,,,,,,,,,,,,,,,,,,,,,,,,,,,,,,,,,,,
,,,,,,,,,,,,,,,,,,,,,,,,,,,,,,,,,,,,,,,,,
,,,,,,,,,,,,,,,,,,,,,,,,,,,,,,,,,,,,,,,,,
,,,,,,,,,,,,,,,,,,,,,,,,,,,,,,,,,,,,,,,,,
,,,,,,,,,,,,,,,,,,,,,,,,,,,,,,,,,,,,,,,,,
,,,,,,,,,,,,,,,,,,,,,,,,,,,,,,,,,,,,,,,,,
,,,,,,,,,,,,,,,,,,,,,,,,,,,,,,,,,,,,,,,,,
,,,,,,,,,,,,,,,,,,,,,,,,,,,,,,,,,,,,,,,,,
,,,,,,,,,,,,,,,,,,,,,,,,,,,,,,,,,,,,,,,,,
,,,,,,,,,,,,,,,,,,,,,,,,,,,,,,,,,,,,,,,,,
,,,,,,,,,,,,,,,,,,,,,,,,,,,,,,,,,,,,,,,,,
,,,,,,,,,,,,,,,,,,,,,,,,,,,,,,,,,,,,,,,,,
,,,,,,,,,,,,,,,,,,,,,,,,,,,,,,,,,,,,,,,,,
,,,,,,,,,,,,,,,,,,,,,,,,,,,,,,,,,,,,,,,,,
,,,,,,,,,,,,,,,,,,,,,,,,,,,,,,,,,,,,,,,,,
,,,,,,,,,,,,,,,,,,,,,,,,,,,,,,,,,,,,,,,,,
,,,,,,,,,,,,,,,,,,,,,,,,,,,,,,,,,,,,,,,,,
,,,,,,,,,,,,,,,,,,,,,,,,,,,,,,,,,,,,,,,,,
,,,,,,,,,,,,,,,,,,,,,,,,,,,,,,,,,,,,,,,,,
,,,,,,,,,,,,,,,,,,,,,,,,,,,,,,,,,,,,,,,,,
,,,,,,,,,,,,,,,,,,,,,,,,,,,,,,,,,,,,,,,,,
,,,,,,,,,,,,,,,,,,,,,,,,,,,,,,,,,,,,,,,,,
,,,,,,,,,,,,,,,,,,,,,,,,,,,,,,,,,,,,,,,,,
,,,,,,,,,,,,,,,,,,,,,,,,,,,,,,,,,,,,,,,,,
,,,,,,,,,,,,,,,,,,,,,,,,,,,,,,,,,,,,,,,,,
,,,,,,,,,,,,,,,,,,,,,,,,,,,,,,,,,,,,,,,,,
,,,,,,,,,,,,,,,,,,,,,,,,,,,,,,,,,,,,,,,,,
,,,,,,,,,,,,,,,,,,,,,,,,,,,,,,,,,,,,,,,,,
,,,,,,,,,,,,,,,,,,,,,,,,,,,,,,,,,,,,,,,,,
,,,,,,,,,,,,,,,,,,,,,,,,,,,,,,,,,,,,,,,,,
,,,,,,,,,,,,,,,,,,,,,,,,,,,,,,,,,,,,,,,,,
,,,,,,,,,,,,,,,,,,,,,,,,,,,,,,,,,,,,,,,,,
,,,,,,,,,,,,,,,,,,,,,,,,,,,,,,,,,,,,,,,,,
,,,,,,,,,,,,,,,,,,,,,,,,,,,,,,,,,,,,,,,,,
,,,,,,,,,,,,,,,,,,,,,,,,,,,,,,,,,,,,,,,,,
,,,,,,,,,,,,,,,,,,,,,,,,,,,,,,,,,,,,,,,,,
,,,,,,,,,,,,,,,,,,,,,,,,,,,,,,,,,,,,,,,,,
,,,,,,,,,,,,,,,,,,,,,,,,,,,,,,,,,,,,,,,,,
,,,,,,,,,,,,,,,,,,,,,,,,,,,,,,,,,,,,,,,,,
,,,,,,,,,,,,,,,,,,,,,,,,,,,,,,,,,,,,,,,,,
,,,,,,,,,,,,,,,,,,,,,,,,,,,,,,,,,,,,,,,,,
,,,,,,,,,,,,,,,,,,,,,,,,,,,,,,,,,,,,,,,,,
,,,,,,,,,,,,,,,,,,,,,,,,,,,,,,,,,,,,,,,,,
,,,,,,,,,,,,,,,,,,,,,,,,,,,,,,,,,,,,,,,,,
,,,,,,,,,,,,,,,,,,,,,,,,,,,,,,,,,,,,,,,,,
,,,,,,,,,,,,,,,,,,,,,,,,,,,,,,,,,,,,,,,,,
,,,,,,,,,,,,,,,,,,,,,,,,,,,,,,,,,,,,,,,,,
,,,,,,,,,,,,,,,,,,,,,,,,,,,,,,,,,,,,,,,,,
,,,,,,,,,,,,,,,,,,,,,,,,,,,,,,,,,,,,,,,,,
,,,,,,,,,,,,,,,,,,,,,,,,,,,,,,,,,,,,,,,,,
,,,,,,,,,,,,,,,,,,,,,,,,,,,,,,,,,,,,,,,,,
,,,,,,,,,,,,,,,,,,,,,,,,,,,,,,,,,,,,,,,,,
,,,,,,,,,,,,,,,,,,,,,,,,,,,,,,,,,,,,,,,,,
,,,,,,,,,,,,,,,,,,,,,,,,,,,,,,,,,,,,,,,,,
,,,,,,,,,,,,,,,,,,,,,,,,,,,,,,,,,,,,,,,,,
,,,,,,,,,,,,,,,,,,,,,,,,,,,,,,,,,,,,,,,,,
,,,,,,,,,,,,,,,,,,,,,,,,,,,,,,,,,,,,,,,,,
,,,,,,,,,,,,,,,,,,,,,,,,,,,,,,,,,,,,,,,,,
,,,,,,,,,,,,,,,,,,,,,,,,,,,,,,,,,,,,,,,,,
,,,,,,,,,,,,,,,,,,,,,,,,,,,,,,,,,,,,,,,,,
,,,,,,,,,,,,,,,,,,,,,,,,,,,,,,,,,,,,,,,,,
,,,,,,,,,,,,,,,,,,,,,,,,,,,,,,,,,,,,,,,,,
,,,,,,,,,,,,,,,,,,,,,,,,,,,,,,,,,,,,,,,,,
,,,,,,,,,,,,,,,,,,,,,,,,,,,,,,,,,,,,,,,,,
,,,,,,,,,,,,,,,,,,,,,,,,,,,,,,,,,,,,,,,,,
,,,,,,,,,,,,,,,,,,,,,,,,,,,,,,,,,,,,,,,,,
,,,,,,,,,,,,,,,,,,,,,,,,,,,,,,,,,,,,,,,,,
,,,,,,,,,,,,,,,,,,,,,,,,,,,,,,,,,,,,,,,,,
,,,,,,,,,,,,,,,,,,,,,,,,,,,,,,,,,,,,,,,,,
,,,,,,,,,,,,,,,,,,,,,,,,,,,,,,,,,,,,,,,,,
,,,,,,,,,,,,,,,,,,,,,,,,,,,,,,,,,,,,,,,,,
,,,,,,,,,,,,,,,,,,,,,,,,,,,,,,,,,,,,,,,,,
,,,,,,,,,,,,,,,,,,,,,,,,,,,,,,,,,,,,,,,,,
,,,,,,,,,,,,,,,,,,,,,,,,,,,,,,,,,,,,,,,,,
,,,,,,,,,,,,,,,,,,,,,,,,,,,,,,,,,,,,,,,,,
,,,,,,,,,,,,,,,,,,,,,,,,,,,,,,,,,,,,,,,,,
,,,,,,,,,,,,,,,,,,,,,,,,,,,,,,,,,,,,,,,,,
,,,,,,,,,,,,,,,,,,,,,,,,,,,,,,,,,,,,,,,,,
,,,,,,,,,,,,,,,,,,,,,,,,,,,,,,,,,,,,,,,,,
,,,,,,,,,,,,,,,,,,,,,,,,,,,,,,,,,,,,,,,,,
,,,,,,,,,,,,,,,,,,,,,,,,,,,,,,,,,,,,,,,,,
,,,,,,,,,,,,,,,,,,,,,,,,,,,,,,,,,,,,,,,,,
,,,,,,,,,,,,,,,,,,,,,,,,,,,,,,,,,,,,,,,,,
,,,,,,,,,,,,,,,,,,,,,,,,,,,,,,,,,,,,,,,,,
,,,,,,,,,,,,,,,,,,,,,,,,,,,,,,,,,,,,,,,,,
,,,,,,,,,,,,,,,,,,,,,,,,,,,,,,,,,,,,,,,,,
,,,,,,,,,,,,,,,,,,,,,,,,,,,,,,,,,,,,,,,,,
,,,,,,,,,,,,,,,,,,,,,,,,,,,,,,,,,,,,,,,,,
,,,,,,,,,,,,,,,,,,,,,,,,,,,,,,,,,,,,,,,,,
,,,,,,,,,,,,,,,,,,,,,,,,,,,,,,,,,,,,,,,,,
,,,,,,,,,,,,,,,,,,,,,,,,,,,,,,,,,,,,,,,,,
,,,,,,,,,,,,,,,,,,,,,,,,,,,,,,,,,,,,,,,,,
,,,,,,,,,,,,,,,,,,,,,,,,,,,,,,,,,,,,,,,,,
,,,,,,,,,,,,,,,,,,,,,,,,,,,,,,,,,,,,,,,,,
,,,,,,,,,,,,,,,,,,,,,,,,,,,,,,,,,,,,,,,,,
,,,,,,,,,,,,,,,,,,,,,,,,,,,,,,,,,,,,,,,,,
,,,,,,,,,,,,,,,,,,,,,,,,,,,,,,,,,,,,,,,,,
,,,,,,,,,,,,,,,,,,,,,,,,,,,,,,,,,,,,,,,,,
,,,,,,,,,,,,,,,,,,,,,,,,,,,,,,,,,,,,,,,,,
,,,,,,,,,,,,,,,,,,,,,,,,,,,,,,,,,,,,,,,,,
,,,,,,,,,,,,,,,,,,,,,,,,,,,,,,,,,,,,,,,,,
,,,,,,,,,,,,,,,,,,,,,,,,,,,,,,,,,,,,,,,,,
,,,,,,,,,,,,,,,,,,,,,,,,,,,,,,,,,,,,,,,,,
,,,,,,,,,,,,,,,,,,,,,,,,,,,,,,,,,,,,,,,,,
,,,,,,,,,,,,,,,,,,,,,,,,,,,,,,,,,,,,,,,,,
,,,,,,,,,,,,,,,,,,,,,,,,,,,,,,,,,,,,,,,,,
,,,,,,,,,,,,,,,,,,,,,,,,,,,,,,,,,,,,,,,,,
,,,,,,,,,,,,,,,,,,,,,,,,,,,,,,,,,,,,,,,,,
,,,,,,,,,,,,,,,,,,,,,,,,,,,,,,,,,,,,,,,,,
,,,,,,,,,,,,,,,,,,,,,,,,,,,,,,,,,,,,,,,,,
,,,,,,,,,,,,,,,,,,,,,,,,,,,,,,,,,,,,,,,,,
,,,,,,,,,,,,,,,,,,,,,,,,,,,,,,,,,,,,,,,,,
,,,,,,,,,,,,,,,,,,,,,,,,,,,,,,,,,,,,,,,,,
,,,,,,,,,,,,,,,,,,,,,,,,,,,,,,,,,,,,,,,,,
,,,,,,,,,,,,,,,,,,,,,,,,,,,,,,,,,,,,,,,,,
,,,,,,,,,,,,,,,,,,,,,,,,,,,,,,,,,,,,,,,,,
,,,,,,,,,,,,,,,,,,,,,,,,,,,,,,,,,,,,,,,,,
,,,,,,,,,,,,,,,,,,,,,,,,,,,,,,,,,,,,,,,,,
,,,,,,,,,,,,,,,,,,,,,,,,,,,,,,,,,,,,,,,,,
,,,,,,,,,,,,,,,,,,,,,,,,,,,,,,,,,,,,,,,,,
,,,,,,,,,,,,,,,,,,,,,,,,,,,,,,,,,,,,,,,,,
,,,,,,,,,,,,,,,,,,,,,,,,,,,,,,,,,,,,,,,,,
,,,,,,,,,,,,,,,,,,,,,,,,,,,,,,,,,,,,,,,,,
,,,,,,,,,,,,,,,,,,,,,,,,,,,,,,,,,,,,,,,,,
,,,,,,,,,,,,,,,,,,,,,,,,,,,,,,,,,,,,,,,,,
,,,,,,,,,,,,,,,,,,,,,,,,,,,,,,,,,,,,,,,,,
,,,,,,,,,,,,,,,,,,,,,,,,,,,,,,,,,,,,,,,,,
,,,,,,,,,,,,,,,,,,,,,,,,,,,,,,,,,,,,,,,,,
,,,,,,,,,,,,,,,,,,,,,,,,,,,,,,,,,,,,,,,,,
,,,,,,,,,,,,,,,,,,,,,,,,,,,,,,,,,,,,,,,,,
,,,,,,,,,,,,,,,,,,,,,,,,,,,,,,,,,,,,,,,,,
,,,,,,,,,,,,,,,,,,,,,,,,,,,,,,,,,,,,,,,,,
,,,,,,,,,,,,,,,,,,,,,,,,,,,,,,,,,,,,,,,,,
,,,,,,,,,,,,,,,,,,,,,,,,,,,,,,,,,,,,,,,,,
,,,,,,,,,,,,,,,,,,,,,,,,,,,,,,,,,,,,,,,,,
,,,,,,,,,,,,,,,,,,,,,,,,,,,,,,,,,,,,,,,,,
,,,,,,,,,,,,,,,,,,,,,,,,,,,,,,,,,,,,,,,,,
,,,,,,,,,,,,,,,,,,,,,,,,,,,,,,,,,,,,,,,,,
,,,,,,,,,,,,,,,,,,,,,,,,,,,,,,,,,,,,,,,,,
,,,,,,,,,,,,,,,,,,,,,,,,,,,,,,,,,,,,,,,,,
,,,,,,,,,,,,,,,,,,,,,,,,,,,,,,,,,,,,,,,,,
,,,,,,,,,,,,,,,,,,,,,,,,,,,,,,,,,,,,,,,,,
,,,,,,,,,,,,,,,,,,,,,,,,,,,,,,,,,,,,,,,,,
,,,,,,,,,,,,,,,,,,,,,,,,,,,,,,,,,,,,,,,,,
,,,,,,,,,,,,,,,,,,,,,,,,,,,,,,,,,,,,,,,,,
,,,,,,,,,,,,,,,,,,,,,,,,,,,,,,,,,,,,,,,,,
,,,,,,,,,,,,,,,,,,,,,,,,,,,,,,,,,,,,,,,,,
,,,,,,,,,,,,,,,,,,,,,,,,,,,,,,,,,,,,,,,,,
,,,,,,,,,,,,,,,,,,,,,,,,,,,,,,,,,,,,,,,,,
,,,,,,,,,,,,,,,,,,,,,,,,,,,,,,,,,,,,,,,,,
,,,,,,,,,,,,,,,,,,,,,,,,,,,,,,,,,,,,,,,,,
,,,,,,,,,,,,,,,,,,,,,,,,,,,,,,,,,,,,,,,,,
,,,,,,,,,,,,,,,,,,,,,,,,,,,,,,,,,,,,,,,,,
,,,,,,,,,,,,,,,,,,,,,,,,,,,,,,,,,,,,,,,,,
,,,,,,,,,,,,,,,,,,,,,,,,,,,,,,,,,,,,,,,,,
,,,,,,,,,,,,,,,,,,,,,,,,,,,,,,,,,,,,,,,,,
,,,,,,,,,,,,,,,,,,,,,,,,,,,,,,,,,,,,,,,,,
,,,,,,,,,,,,,,,,,,,,,,,,,,,,,,,,,,,,,,,,,
,,,,,,,,,,,,,,,,,,,,,,,,,,,,,,,,,,,,,,,,,
,,,,,,,,,,,,,,,,,,,,,,,,,,,,,,,,,,,,,,,,,
,,,,,,,,,,,,,,,,,,,,,,,,,,,,,,,,,,,,,,,,,
,,,,,,,,,,,,,,,,,,,,,,,,,,,,,,,,,,,,,,,,,
,,,,,,,,,,,,,,,,,,,,,,,,,,,,,,,,,,,,,,,,,
,,,,,,,,,,,,,,,,,,,,,,,,,,,,,,,,,,,,,,,,,
,,,,,,,,,,,,,,,,,,,,,,,,,,,,,,,,,,,,,,,,,
,,,,,,,,,,,,,,,,,,,,,,,,,,,,,,,,,,,,,,,,,
,,,,,,,,,,,,,,,,,,,,,,,,,,,,,,,,,,,,,,,,,
,,,,,,,,,,,,,,,,,,,,,,,,,,,,,,,,,,,,,,,,,
,,,,,,,,,,,,,,,,,,,,,,,,,,,,,,,,,,,,,,,,,
,,,,,,,,,,,,,,,,,,,,,,,,,,,,,,,,,,,,,,,,,
,,,,,,,,,,,,,,,,,,,,,,,,,,,,,,,,,,,,,,,,,
,,,,,,,,,,,,,,,,,,,,,,,,,,,,,,,,,,,,,,,,,
,,,,,,,,,,,,,,,,,,,,,,,,,,,,,,,,,,,,,,,,,
,,,,,,,,,,,,,,,,,,,,,,,,,,,,,,,,,,,,,,,,,
,,,,,,,,,,,,,,,,,,,,,,,,,,,,,,,,,,,,,,,,,
,,,,,,,,,,,,,,,,,,,,,,,,,,,,,,,,,,,,,,,,,
,,,,,,,,,,,,,,,,,,,,,,,,,,,,,,,,,,,,,,,,,
,,,,,,,,,,,,,,,,,,,,,,,,,,,,,,,,,,,,,,,,,
,,,,,,,,,,,,,,,,,,,,,,,,,,,,,,,,,,,,,,,,,
,,,,,,,,,,,,,,,,,,,,,,,,,,,,,,,,,,,,,,,,,
,,,,,,,,,,,,,,,,,,,,,,,,,,,,,,,,,,,,,,,,,
,,,,,,,,,,,,,,,,,,,,,,,,,,,,,,,,,,,,,,,,,
,,,,,,,,,,,,,,,,,,,,,,,,,,,,,,,,,,,,,,,,,
,,,,,,,,,,,,,,,,,,,,,,,,,,,,,,,,,,,,,,,,,
,,,,,,,,,,,,,,,,,,,,,,,,,,,,,,,,,,,,,,,,,
,,,,,,,,,,,,,,,,,,,,,,,,,,,,,,,,,,,,,,,,,
,,,,,,,,,,,,,,,,,,,,,,,,,,,,,,,,,,,,,,,,,
,,,,,,,,,,,,,,,,,,,,,,,,,,,,,,,,,,,,,,,,,
,,,,,,,,,,,,,,,,,,,,,,,,,,,,,,,,,,,,,,,,,
,,,,,,,,,,,,,,,,,,,,,,,,,,,,,,,,,,,,,,,,,
,,,,,,,,,,,,,,,,,,,,,,,,,,,,,,,,,,,,,,,,,
,,,,,,,,,,,,,,,,,,,,,,,,,,,,,,,,,,,,,,,,,
,,,,,,,,,,,,,,,,,,,,,,,,,,,,,,,,,,,,,,,,,
,,,,,,,,,,,,,,,,,,,,,,,,,,,,,,,,,,,,,,,,,
,,,,,,,,,,,,,,,,,,,,,,,,,,,,,,,,,,,,,,,,,
,,,,,,,,,,,,,,,,,,,,,,,,,,,,,,,,,,,,,,,,,
,,,,,,,,,,,,,,,,,,,,,,,,,,,,,,,,,,,,,,,,,
,,,,,,,,,,,,,,,,,,,,,,,,,,,,,,,,,,,,,,,,,
,,,,,,,,,,,,,,,,,,,,,,,,,,,,,,,,,,,,,,,,,
,,,,,,,,,,,,,,,,,,,,,,,,,,,,,,,,,,,,,,,,,
,,,,,,,,,,,,,,,,,,,,,,,,,,,,,,,,,,,,,,,,,
,,,,,,,,,,,,,,,,,,,,,,,,,,,,,,,,,,,,,,,,,
,,,,,,,,,,,,,,,,,,,,,,,,,,,,,,,,,,,,,,,,,
,,,,,,,,,,,,,,,,,,,,,,,,,,,,,,,,,,,,,,,,,
,,,,,,,,,,,,,,,,,,,,,,,,,,,,,,,,,,,,,,,,,
,,,,,,,,,,,,,,,,,,,,,,,,,,,,,,,,,,,,,,,,,
,,,,,,,,,,,,,,,,,,,,,,,,,,,,,,,,,,,,,,,,,
,,,,,,,,,,,,,,,,,,,,,,,,,,,,,,,,,,,,,,,,,
,,,,,,,,,,,,,,,,,,,,,,,,,,,,,,,,,,,,,,,,,
,,,,,,,,,,,,,,,,,,,,,,,,,,,,,,,,,,,,,,,,,
,,,,,,,,,,,,,,,,,,,,,,,,,,,,,,,,,,,,,,,,,
,,,,,,,,,,,,,,,,,,,,,,,,,,,,,,,,,,,,,,,,,
,,,,,,,,,,,,,,,,,,,,,,,,,,,,,,,,,,,,,,,,,
,,,,,,,,,,,,,,,,,,,,,,,,,,,,,,,,,,,,,,,,,
,,,,,,,,,,,,,,,,,,,,,,,,,,,,,,,,,,,,,,,,,
,,,,,,,,,,,,,,,,,,,,,,,,,,,,,,,,,,,,,,,,,
,,,,,,,,,,,,,,,,,,,,,,,,,,,,,,,,,,,,,,,,,
,,,,,,,,,,,,,,,,,,,,,,,,,,,,,,,,,,,,,,,,,
,,,,,,,,,,,,,,,,,,,,,,,,,,,,,,,,,,,,,,,,,
,,,,,,,,,,,,,,,,,,,,,,,,,,,,,,,,,,,,,,,,,
,,,,,,,,,,,,,,,,,,,,,,,,,,,,,,,,,,,,,,,,,
,,,,,,,,,,,,,,,,,,,,,,,,,,,,,,,,,,,,,,,,,
,,,,,,,,,,,,,,,,,,,,,,,,,,,,,,,,,,,,,,,,,
,,,,,,,,,,,,,,,,,,,,,,,,,,,,,,,,,,,,,,,,,
,,,,,,,,,,,,,,,,,,,,,,,,,,,,,,,,,,,,,,,,,
,,,,,,,,,,,,,,,,,,,,,,,,,,,,,,,,,,,,,,,,,
,,,,,,,,,,,,,,,,,,,,,,,,,,,,,,,,,,,,,,,,,
,,,,,,,,,,,,,,,,,,,,,,,,,,,,,,,,,,,,,,,,,
,,,,,,,,,,,,,,,,,,,,,,,,,,,,,,,,,,,,,,,,,
,,,,,,,,,,,,,,,,,,,,,,,,,,,,,,,,,,,,,,,,,
,,,,,,,,,,,,,,,,,,,,,,,,,,,,,,,,,,,,,,,,,
,,,,,,,,,,,,,,,,,,,,,,,,,,,,,,,,,,,,,,,,,
,,,,,,,,,,,,,,,,,,,,,,,,,,,,,,,,,,,,,,,,,
,,,,,,,,,,,,,,,,,,,,,,,,,,,,,,,,,,,,,,,,,
,,,,,,,,,,,,,,,,,,,,,,,,,,,,,,,,,,,,,,,,,
,,,,,,,,,,,,,,,,,,,,,,,,,,,,,,,,,,,,,,,,,
,,,,,,,,,,,,,,,,,,,,,,,,,,,,,,,,,,,,,,,,,
,,,,,,,,,,,,,,,,,,,,,,,,,,,,,,,,,,,,,,,,,
,,,,,,,,,,,,,,,,,,,,,,,,,,,,,,,,,,,,,,,,,
,,,,,,,,,,,,,,,,,,,,,,,,,,,,,,,,,,,,,,,,,
,,,,,,,,,,,,,,,,,,,,,,,,,,,,,,,,,,,,,,,,,
,,,,,,,,,,,,,,,,,,,,,,,,,,,,,,,,,,,,,,,,,
,,,,,,,,,,,,,,,,,,,,,,,,,,,,,,,,,,,,,,,,,
,,,,,,,,,,,,,,,,,,,,,,,,,,,,,,,,,,,,,,,,,
,,,,,,,,,,,,,,,,,,,,,,,,,,,,,,,,,,,,,,,,,
,,,,,,,,,,,,,,,,,,,,,,,,,,,,,,,,,,,,,,,,,
,,,,,,,,,,,,,,,,,,,,,,,,,,,,,,,,,,,,,,,,,
,,,,,,,,,,,,,,,,,,,,,,,,,,,,,,,,,,,,,,,,,
,,,,,,,,,,,,,,,,,,,,,,,,,,,,,,,,,,,,,,,,,
,,,,,,,,,,,,,,,,,,,,,,,,,,,,,,,,,,,,,,,,,
,,,,,,,,,,,,,,,,,,,,,,,,,,,,,,,,,,,,,,,,,
,,,,,,,,,,,,,,,,,,,,,,,,,,,,,,,,,,,,,,,,,
,,,,,,,,,,,,,,,,,,,,,,,,,,,,,,,,,,,,,,,,,
,,,,,,,,,,,,,,,,,,,,,,,,,,,,,,,,,,,,,,,,,
,,,,,,,,,,,,,,,,,,,,,,,,,,,,,,,,,,,,,,,,,
,,,,,,,,,,,,,,,,,,,,,,,,,,,,,,,,,,,,,,,,,
,,,,,,,,,,,,,,,,,,,,,,,,,,,,,,,,,,,,,,,,,
,,,,,,,,,,,,,,,,,,,,,,,,,,,,,,,,,,,,,,,,,
,,,,,,,,,,,,,,,,,,,,,,,,,,,,,,,,,,,,,,,,,
,,,,,,,,,,,,,,,,,,,,,,,,,,,,,,,,,,,,,,,,,
,,,,,,,,,,,,,,,,,,,,,,,,,,,,,,,,,,,,,,,,,
,,,,,,,,,,,,,,,,,,,,,,,,,,,,,,,,,,,,,,,,,
,,,,,,,,,,,,,,,,,,,,,,,,,,,,,,,,,,,,,,,,,
,,,,,,,,,,,,,,,,,,,,,,,,,,,,,,,,,,,,,,,,,
,,,,,,,,,,,,,,,,,,,,,,,,,,,,,,,,,,,,,,,,,
,,,,,,,,,,,,,,,,,,,,,,,,,,,,,,,,,,,,,,,,,
,,,,,,,,,,,,,,,,,,,,,,,,,,,,,,,,,,,,,,,,,
,,,,,,,,,,,,,,,,,,,,,,,,,,,,,,,,,,,,,,,,,
,,,,,,,,,,,,,,,,,,,,,,,,,,,,,,,,,,,,,,,,,
,,,,,,,,,,,,,,,,,,,,,,,,,,,,,,,,,,,,,,,,,
,,,,,,,,,,,,,,,,,,,,,,,,,,,,,,,,,,,,,,,,,
,,,,,,,,,,,,,,,,,,,,,,,,,,,,,,,,,,,,,,,,,
,,,,,,,,,,,,,,,,,,,,,,,,,,,,,,,,,,,,,,,,,
,,,,,,,,,,,,,,,,,,,,,,,,,,,,,,,,,,,,,,,,,
,,,,,,,,,,,,,,,,,,,,,,,,,,,,,,,,,,,,,,,,,
,,,,,,,,,,,,,,,,,,,,,,,,,,,,,,,,,,,,,,,,,
,,,,,,,,,,,,,,,,,,,,,,,,,,,,,,,,,,,,,,,,,
,,,,,,,,,,,,,,,,,,,,,,,,,,,,,,,,,,,,,,,,,
,,,,,,,,,,,,,,,,,,,,,,,,,,,,,,,,,,,,,,,,,
,,,,,,,,,,,,,,,,,,,,,,,,,,,,,,,,,,,,,,,,,
,,,,,,,,,,,,,,,,,,,,,,,,,,,,,,,,,,,,,,,,,
,,,,,,,,,,,,,,,,,,,,,,,,,,,,,,,,,,,,,,,,,
,,,,,,,,,,,,,,,,,,,,,,,,,,,,,,,,,,,,,,,,,
,,,,,,,,,,,,,,,,,,,,,,,,,,,,,,,,,,,,,,,,,
,,,,,,,,,,,,,,,,,,,,,,,,,,,,,,,,,,,,,,,,,
,,,,,,,,,,,,,,,,,,,,,,,,,,,,,,,,,,,,,,,,,
,,,,,,,,,,,,,,,,,,,,,,,,,,,,,,,,,,,,,,,,,
,,,,,,,,,,,,,,,,,,,,,,,,,,,,,,,,,,,,,,,,,
,,,,,,,,,,,,,,,,,,,,,,,,,,,,,,,,,,,,,,,,,
,,,,,,,,,,,,,,,,,,,,,,,,,,,,,,,,,,,,,,,,,
,,,,,,,,,,,,,,,,,,,,,,,,,,,,,,,,,,,,,,,,,
,,,,,,,,,,,,,,,,,,,,,,,,,,,,,,,,,,,,,,,,,
,,,,,,,,,,,,,,,,,,,,,,,,,,,,,,,,,,,,,,,,,
,,,,,,,,,,,,,,,,,,,,,,,,,,,,,,,,,,,,,,,,,
,,,,,,,,,,,,,,,,,,,,,,,,,,,,,,,,,,,,,,,,,
,,,,,,,,,,,,,,,,,,,,,,,,,,,,,,,,,,,,,,,,,
,,,,,,,,,,,,,,,,,,,,,,,,,,,,,,,,,,,,,,,,,
,,,,,,,,,,,,,,,,,,,,,,,,,,,,,,,,,,,,,,,,,
,,,,,,,,,,,,,,,,,,,,,,,,,,,,,,,,,,,,,,,,,
,,,,,,,,,,,,,,,,,,,,,,,,,,,,,,,,,,,,,,,,,
,,,,,,,,,,,,,,,,,,,,,,,,,,,,,,,,,,,,,,,,,
,,,,,,,,,,,,,,,,,,,,,,,,,,,,,,,,,,,,,,,,,
,,,,,,,,,,,,,,,,,,,,,,,,,,,,,,,,,,,,,,,,,
,,,,,,,,,,,,,,,,,,,,,,,,,,,,,,,,,,,,,,,,,
,,,,,,,,,,,,,,,,,,,,,,,,,,,,,,,,,,,,,,,,,
,,,,,,,,,,,,,,,,,,,,,,,,,,,,,,,,,,,,,,,,,
,,,,,,,,,,,,,,,,,,,,,,,,,,,,,,,,,,,,,,,,,
,,,,,,,,,,,,,,,,,,,,,,,,,,,,,,,,,,,,,,,,,
,,,,,,,,,,,,,,,,,,,,,,,,,,,,,,,,,,,,,,,,,
,,,,,,,,,,,,,,,,,,,,,,,,,,,,,,,,,,,,,,,,,
,,,,,,,,,,,,,,,,,,,,,,,,,,,,,,,,,,,,,,,,,
,,,,,,,,,,,,,,,,,,,,,,,,,,,,,,,,,,,,,,,,,
,,,,,,,,,,,,,,,,,,,,,,,,,,,,,,,,,,,,,,,,,
,,,,,,,,,,,,,,,,,,,,,,,,,,,,,,,,,,,,,,,,,
,,,,,,,,,,,,,,,,,,,,,,,,,,,,,,,,,,,,,,,,,
0000000,16ª GRE,Escola doideira,SOBRADO,25122401 - 16ª GRE - EEEFM Severina Ramos de Oliveira,Cidadã,ECI,Não,NÃO OFERTA,NÃO OFERTA,OFERTA,Eudes e Nando,2021,,3,,4,3.9,,,,,,,,,,,"RUA JOAO PEDRO TEIXEIRA , 0 - CONJUNTO PAULO ROLIM",58342-000,-7.14321,-35.23722,"-7.14321,-35.23722",17506,Fri Dec 03 2021 00:00:00 GMT-0300 (Brasilia Standard Time),41992,Thu Dec 02 2021 00:00:00 GMT-0300 (Brasilia Standard Time),https://auniao.pb.gov.br/servicos/doe/2021/dezembro/diario-oficial-03-12-2021.pdf,FALTA ACESSIBILIDADE,,NÃO,ATIVADO